CREATE DATABASE /*!32312 IF NOT EXISTS*/ `honoresbd` /*!40100 DEFAULT CHARACTER SET utf8 COLLATE utf8_spanish2_ci */;

USE `honoresbd`;

--
-- Table structure for table `alumno_padre`
--

DROP TABLE IF EXISTS `alumno_padre`;
/*!40101 SET @saved_cs_client     = @@character_set_client */;
/*!40101 SET character_set_client = utf8 */;
CREATE TABLE `alumno_padre` (
  `id_alumno` int(11) NOT NULL,
  `id_padre` int(11) NOT NULL,
  PRIMARY KEY (`id_alumno`,`id_padre`),
  KEY `id_padre` (`id_padre`),
  CONSTRAINT `alumno_padre_ibfk_1` FOREIGN KEY (`id_alumno`) REFERENCES `alumnos` (`id_alumno`),
  CONSTRAINT `alumno_padre_ibfk_2` FOREIGN KEY (`id_padre`) REFERENCES `padres_familia` (`id_padre`)
) ENGINE=InnoDB DEFAULT CHARSET=utf8 COLLATE=utf8_spanish2_ci;
/*!40101 SET character_set_client = @saved_cs_client */;

--
-- Dumping data for table `alumno_padre`
--

LOCK TABLES `alumno_padre` WRITE;
/*!40000 ALTER TABLE `alumno_padre` DISABLE KEYS */;
INSERT INTO `alumno_padre` VALUES (561,563),(562,564),(563,565),(564,566),(565,567),(566,568),(567,569),(568,570),(569,571),(570,572),(571,573),(572,574),(573,575),(574,576),(575,577),(576,578),(577,579),(578,580),(579,581),(580,582),(581,583),(582,584),(583,585),(584,586),(585,587),(586,588),(587,589),(588,590),(589,591),(590,592),(591,593),(592,594),(593,595),(594,596),(595,597),(596,598),(597,599),(598,600),(599,601),(600,602),(601,603),(602,604),(603,605),(604,606),(605,607),(606,608),(607,609),(608,610),(609,611),(610,612),(611,613),(612,614),(613,615),(614,616),(615,617),(616,618),(617,619),(618,620),(619,621),(620,622),(621,623),(622,624),(623,625),(624,626),(625,627),(626,628),(627,629),(628,630),(629,631),(630,632),(631,633),(632,634),(633,635),(634,636),(635,637),(636,638),(637,639),(638,640),(639,641),(640,642),(641,643),(642,644),(643,645),(644,646),(645,647),(646,648),(647,649),(648,650),(649,651),(650,652),(651,653),(652,654),(653,655),(654,656),(655,657),(656,658),(657,659),(658,660),(659,661),(660,662),(661,663),(662,664),(663,665),(664,666),(665,667),(666,668),(667,669),(668,670),(669,671),(670,672),(671,673),(672,674),(673,675),(674,676),(675,677),(676,678),(677,679),(678,680),(679,681),(680,682),(681,683),(682,684),(683,685),(684,686),(685,687),(686,688),(687,689),(688,690),(689,691),(690,692),(691,693),(692,694),(693,695),(694,696),(695,697),(696,698),(697,699),(698,700),(699,701),(700,702),(701,703),(702,704),(703,705),(704,706),(705,707),(706,708),(707,709),(708,710),(709,711),(710,712),(711,713),(712,714),(713,715),(714,716),(715,717),(716,718),(717,719),(718,720),(719,721),(720,722),(721,723),(722,724),(723,725),(724,726),(725,727),(726,728),(727,729),(728,730),(729,731),(730,732),(731,733),(732,734),(733,735),(734,736),(735,737),(736,738),(737,739),(738,740),(739,741),(740,742),(741,743),(742,744),(743,745),(744,746),(745,747),(746,748),(747,749),(748,750),(749,751),(750,752),(751,753),(752,754),(753,755),(754,756),(755,757),(756,758),(757,759),(758,760),(759,761),(760,762),(761,763),(762,764),(763,765),(764,766),(765,767),(766,768),(767,769),(768,770),(769,771),(770,772),(771,773),(772,774),(773,775),(774,776),(775,777),(776,778),(777,779),(778,780),(779,781),(780,782),(781,783),(782,784),(783,785),(784,786);
/*!40000 ALTER TABLE `alumno_padre` ENABLE KEYS */;
UNLOCK TABLES;

--
-- Table structure for table `alumnos`
--

DROP TABLE IF EXISTS `alumnos`;
/*!40101 SET @saved_cs_client     = @@character_set_client */;
/*!40101 SET character_set_client = utf8 */;
CREATE TABLE `alumnos` (
  `id_alumno` int(11) NOT NULL AUTO_INCREMENT,
  `codigo_estudiante` varchar(20) NOT NULL,
  `nombres` varchar(100) NOT NULL,
  `apellidos` varchar(100) NOT NULL,
  `dni` varchar(8) NOT NULL,
  `fecha_nacimiento` date DEFAULT NULL,
  `telefono` varchar(15) DEFAULT NULL,
  `nombre_apoderado` varchar(150) DEFAULT NULL,
  `telefono_apoderado` varchar(15) DEFAULT NULL,
  `email_apoderado` varchar(100) DEFAULT NULL,
  `id_aula` int(11) NOT NULL,
  `activo` tinyint(1) DEFAULT 1,
  PRIMARY KEY (`id_alumno`),
  UNIQUE KEY `codigo_estudiante` (`codigo_estudiante`),
  UNIQUE KEY `dni` (`dni`),
  KEY `id_aula` (`id_aula`),
  CONSTRAINT `alumnos_ibfk_1` FOREIGN KEY (`id_aula`) REFERENCES `aulas_asignadas` (`id_aula`)
) ENGINE=InnoDB AUTO_INCREMENT=785 DEFAULT CHARSET=utf8 COLLATE=utf8_spanish2_ci;
/*!40101 SET character_set_client = @saved_cs_client */;

--
-- Dumping data for table `alumnos`
--

LOCK TABLES `alumnos` WRITE;
/*!40000 ALTER TABLE `alumnos` DISABLE KEYS */;
INSERT INTO `alumnos` VALUES (561,'EST20260001','Nancy Alicia','Castillo Soto','22985668','2023-06-26','911871313','Rosario Castillo','986974540','rcastillo15@gmail.com',1,1),(562,'EST20260002','Hugo','Silva Vargas','42473453','2023-10-16','964041360','David Silva','970685873','david.silva92@gmail.com',1,1),(563,'EST20260003','Marco','Condori Gomez','82728908','2023-07-27','952656552','Victoria Condori','940330055','vcondori68@gmail.com',1,1),(564,'EST20260004','Ricardo Hernan','Alvarez Flores','70185476','2023-02-17','965901869','Juan Alvarez','958532408','juanalvarez61@hotmail.com',1,1),(565,'EST20260005','Christian Jorge','Espinoza Flores','35998250','2023-11-25','915303564','Daniel Espinoza','967543764','d.espinoza91@hotmail.com',2,1),(566,'EST20260006','Edgar Walter','Gonzales Herrera','41797445','2023-06-03','948655454','Edith Gonzales','922090464','egonzales68@hotmail.com',2,1),(567,'EST20260007','David','Diaz Campos','34686116','2023-08-24','986258220','Ana Diaz','950567058','adiaz50@hotmail.com',2,1),(568,'EST20260008','Pedro','Ramos Gomez','97500654','2023-09-22','918266427','Sonia Ramos','953495674','s.ramos20@gmail.com',2,1),(569,'EST20260009','Gloria Silvia','Ramos Delgado','82849125','2023-04-20','988922937','Diego Ramos','927091776','diegoramos59@outlook.com',3,1),(570,'EST20260010','Jorge','Chavez Herrera','83931407','2023-09-20','997000760','Elsa Chavez','984849586','echavez12@outlook.com',3,1),(571,'EST20260011','Walter','Vargas Soto','27629647','2023-06-23','947226502','Maria Vargas','938186935','mvargas88@gmail.com',3,1),(572,'EST20260012','Francisco Victor','Huaman Ramos','47829144','2023-03-12','958742809','Carlos Huaman','931382234','c.huaman23@gmail.com',3,1),(573,'EST20260013','Victoria','Morales Palomino','78301488','2023-12-28','960203413','Victor Morales','957595820','victormorales83@outlook.com',4,1),(574,'EST20260014','Pedro','Quispe Ramos','87478815','2023-10-18','938061992','Teresa Quispe','981595658','t.quispe85@gmail.com',4,1),(575,'EST20260015','Jose','Huaman Rivera','86041754','2023-04-18','941556379','Ruben Huaman','986481077','ruben.huaman13@hotmail.com',4,1),(576,'EST20260016','Raul Daniel','Gutierrez Delgado','26153653','2023-11-04','944189405','Diego Gutierrez','930716002','dgutierrez54@hotmail.com',4,1),(577,'EST20260017','Diana Margarita','Rojas Cardenas','69504311','2022-05-04','927550086','Walter Rojas','980930676','walterrojas94@hotmail.com',5,1),(578,'EST20260018','Cesar Javier','Flores Cardenas','24335966','2022-10-17','979831023','Marco Flores','971598541','marcoflores51@hotmail.com',5,1),(579,'EST20260019','Luisa','Flores Rivera','62441760','2022-04-14','961519936','Roberto Flores','921924790','robertoflores10@gmail.com',5,1),(580,'EST20260020','Martha','Silva Campos','51744895','2022-05-15','981237630','Cesar Silva','960010371','cesar.silva09@outlook.com',5,1),(581,'EST20260021','Alfredo','Flores Pinto','22636387','2022-05-19','937334259','Elena Flores','990327665','eflores90@hotmail.com',6,1),(582,'EST20260022','Pedro David','Vargas Delgado','58843068','2022-03-19','963698115','Fernando Vargas','943284330','fernandovargas23@hotmail.com',6,1),(583,'EST20260023','Walter','Torres Zamora','16238035','2022-09-26','985051881','Edgar Torres','957329731','edgar.torres66@hotmail.com',6,1),(584,'EST20260024','Fernando Luis','Alvarez Soto','37084496','2022-04-20','934204633','Manuel Alvarez','912087569','manuelalvarez35@gmail.com',6,1),(585,'EST20260025','Cesar','Espinoza Flores','98280036','2022-11-20','997354070','Manuel Espinoza','968275934','manuelespinoza28@outlook.com',7,1),(586,'EST20260026','Teresa Diana','Vargas Campos','36125135','2022-08-04','965647762','Enrique Vargas','949985561','enriquevargas66@hotmail.com',7,1),(587,'EST20260027','Gladys','Ramos Leon','73818822','2022-12-26','960922903','Victor Ramos','971855748','victorramos41@hotmail.com',7,1),(588,'EST20260028','Luis Edgar','Espinoza Ortiz','55212014','2022-01-07','916903948','Hector Espinoza','993446058','h.espinoza30@outlook.com',7,1),(589,'EST20260029','Estela Margarita','Castillo Cordova','23643059','2022-12-17','988348409','Alejandro Castillo','949177092','a.castillo35@hotmail.com',8,1),(590,'EST20260030','Enrique','Flores Villanueva','99556519','2022-09-11','938279074','Angel Flores','994179279','aflores48@hotmail.com',8,1),(591,'EST20260031','Javier Luis','Castro Rivera','63547232','2022-05-08','932543254','Carlos Castro','967423680','carloscastro42@gmail.com',8,1),(592,'EST20260032','Ruben Walter','Mendoza Mamani','99547374','2022-05-26','971550644','Estela Mendoza','946821031','estelamendoza94@gmail.com',8,1),(593,'EST20260033','Hernan','Mendoza Cardenas','73255677','2021-04-11','928247235','Luz Mendoza','958014532','luz.mendoza75@outlook.com',9,1),(594,'EST20260034','Manuel','Gonzales Salazar','91675845','2021-11-14','960480316','Luz Gonzales','965406000','luz.gonzales19@outlook.com',9,1),(595,'EST20260035','Victor','Diaz Ramos','11163068','2021-03-04','967423984','Isabel Diaz','950302761','isabel.diaz82@hotmail.com',9,1),(596,'EST20260036','Gabriela','Paredes Delgado','46004665','2021-12-26','951000051','Nancy Paredes','932651136','nparedes31@outlook.com',9,1),(597,'EST20260037','Diana','Espinoza Campos','74856834','2021-10-21','913547028','Patricia Espinoza','931255682','p.espinoza34@outlook.com',10,1),(598,'EST20260038','Antonia Rosa','Quispe Aquino','15068969','2021-02-07','974091752','Walter Quispe','938016893','w.quispe04@gmail.com',10,1),(599,'EST20260039','Marco','Torres Campos','75784621','2021-04-02','947186867','Gabriela Torres','944562691','g.torres62@gmail.com',10,1),(600,'EST20260040','Ruben Diego','Ruiz Cordova','28261066','2021-12-04','946225360','Juan Ruiz','972180220','juanruiz67@hotmail.com',10,1),(601,'EST20260041','Yolanda Carmen','Silva Garcia','62864354','2021-01-09','944945997','Alejandro Silva','933753579','alejandrosilva28@outlook.com',11,1),(602,'EST20260042','Victor','Flores Salazar','77590577','2021-10-11','991171863','Gloria Flores','933365960','gloria.flores77@hotmail.com',11,1),(603,'EST20260043','Walter Christian','Mendoza Zamora','90885866','2021-08-22','917726822','Rosario Mendoza','994808805','r.mendoza88@hotmail.com',11,1),(604,'EST20260044','Cesar','Ramos Rivera','46047597','2021-05-25','981086367','Raul Ramos','945630111','raul.ramos78@gmail.com',11,1),(605,'EST20260045','Elizabeth Yolanda','Rojas Rivera','37651547','2021-10-17','967785134','Oscar Rojas','956081279','oscar.rojas82@hotmail.com',12,1),(606,'EST20260046','Angel','Morales Zamora','27899155','2021-08-27','915313361','Juan Morales','960742136','juan.morales63@hotmail.com',12,1),(607,'EST20260047','Blanca Francisca','Flores Cordova','93672281','2021-10-22','939903452','Teresa Flores','999463442','t.flores66@outlook.com',12,1),(608,'EST20260048','Gloria Juana','Ramos Rivera','71174341','2021-02-03','985596816','Carlos Ramos','939374077','carlosramos23@outlook.com',12,1),(609,'EST20260049','Raul Roberto','Vargas Delgado','38000730','2020-06-18','977672552','Javier Vargas','933222731','javiervargas55@outlook.com',13,1),(610,'EST20260050','Alfredo Julio','Diaz Bustamante','11981873','2020-02-01','984857349','Javier Diaz','925329172','javier.diaz51@outlook.com',13,1),(611,'EST20260051','Margarita','Condori Soto','35269694','2020-06-09','972880206','Victor Condori','915442358','vcondori48@hotmail.com',13,1),(612,'EST20260052','Javier','Flores Leon','72981637','2020-09-06','998916250','Diana Flores','993346558','diana.flores52@outlook.com',13,1),(613,'EST20260053','Elsa','Castro Bustamante','54483498','2020-01-26','935838151','Margarita Castro','924395986','mcastro40@hotmail.com',14,1),(614,'EST20260054','Ruth','Sanchez Flores','85032393','2020-04-13','939854154','Gustavo Sanchez','934052056','gsanchez97@outlook.com',14,1),(615,'EST20260055','Juan Manuel','Mendoza Garcia','27454006','2020-08-18','968622444','Walter Mendoza','960046645','wmendoza55@hotmail.com',14,1),(616,'EST20260056','Elena Maria','Condori Vargas','66486081','2020-10-18','976775424','Julio Condori','957921987','j.condori90@outlook.com',14,1),(617,'EST20260057','David','Condori Pinto','86474223','2020-02-25','917150455','Gustavo Condori','933683286','gustavocondori61@hotmail.com',15,1),(618,'EST20260058','Elsa','Sanchez Aquino','12407220','2020-04-22','983724005','Cesar Sanchez','922586182','csanchez78@outlook.com',15,1),(619,'EST20260059','Silvia Antonia','Huaman Cordova','89058668','2020-04-01','949452055','Ruth Huaman','968794580','rhuaman85@gmail.com',15,1),(620,'EST20260060','Martha','Rojas Rivera','78883678','2020-05-03','997432441','Ricardo Rojas','968597065','rrojas36@gmail.com',15,1),(621,'EST20260061','Julia','Paredes Ramos','39561976','2020-12-03','988460880','Juan Paredes','983131917','jparedes11@gmail.com',16,1),(622,'EST20260062','Elizabeth Maria','Quispe Cabrera','56259507','2020-04-01','913943014','Gabriela Quispe','967928045','gabrielaquispe68@gmail.com',16,1),(623,'EST20260063','Julia','Silva Gomez','48154847','2020-10-13','910143555','Antonia Silva','999447280','antonia.silva08@gmail.com',16,1),(624,'EST20260064','Diego','Torres Delgado','19678754','2020-02-01','986094340','Carmen Torres','961315857','ctorres63@outlook.com',16,1),(625,'EST20260065','Yolanda','Rojas Palomino','96045428','2019-12-06','949791078','Carlos Rojas','949540367','crojas11@gmail.com',17,1),(626,'EST20260066','Carmen Rosa','Mendoza Cardenas','33351330','2019-06-15','925323347','Elizabeth Mendoza','940174147','emendoza03@gmail.com',17,1),(627,'EST20260067','Raul','Espinoza Campos','30854048','2019-04-21','955551039','Ana Espinoza','926073315','aespinoza49@hotmail.com',17,1),(628,'EST20260068','Alejandro','Huaman Gomez','53219940','2019-02-20','992473624','Hector Huaman','917792515','hectorhuaman50@gmail.com',17,1),(629,'EST20260069','Francisco','Rojas Ramos','63746236','2019-07-26','960996595','Martha Rojas','921961288','martharojas86@outlook.com',18,1),(630,'EST20260070','Edith','Condori Soto','57322666','2019-12-23','911363967','Gustavo Condori','993927981','gustavocondori96@outlook.com',18,1),(631,'EST20260071','Pedro','Condori Garcia','27441022','2019-05-26','953608428','Jose Condori','965902299','jose.condori35@gmail.com',18,1),(632,'EST20260072','Ricardo','Vargas Aquino','33875811','2019-10-18','961121892','Margarita Vargas','971161921','m.vargas26@outlook.com',18,1),(633,'EST20260073','Julia','Castro Mamani','77238560','2019-01-06','966650530','Hugo Castro','940203275','hugo.castro99@gmail.com',19,1),(634,'EST20260074','Hector','Chavez Ramos','17083959','2019-10-09','978831689','David Chavez','998531255','d.chavez25@hotmail.com',19,1),(635,'EST20260075','Victor','Quispe Aquino','65680360','2019-08-15','913311742','Isabel Quispe','935442226','iquispe43@outlook.com',19,1),(636,'EST20260076','Daniel Alejandro','Paredes Zamora','95916563','2019-11-22','916779660','Martha Paredes','933534972','mparedes61@outlook.com',19,1),(637,'EST20260077','Patricia','Mamani Palomino','71200193','2019-05-12','972348153','Edgar Mamani','992772304','edgarmamani08@outlook.com',20,1),(638,'EST20260078','Victor','Torres Flores','58891023','2019-09-11','946902735','Juan Torres','993881018','jtorres70@hotmail.com',20,1),(639,'EST20260079','Elena','Castillo Ramos','18159535','2019-09-19','959482090','Elena Castillo','928724307','elenacastillo30@gmail.com',20,1),(640,'EST20260080','Luisa Alicia','Espinoza Salazar','63396541','2019-05-08','925420234','Hector Espinoza','955611264','hectorespinoza63@gmail.com',20,1),(641,'EST20260081','Gloria','Huaman Flores','12258175','2018-04-27','947633984','Francisca Huaman','921891168','francisca.huaman58@hotmail.com',21,1),(642,'EST20260082','Julia','Vargas Herrera','19793716','2018-06-11','953136869','Oscar Vargas','973060101','oscar.vargas93@hotmail.com',21,1),(643,'EST20260083','Francisco','Condori Flores','10277793','2018-01-11','977622251','Elsa Condori','946004116','econdori95@outlook.com',21,1),(644,'EST20260084','Silvia','Alvarez Soto','45118005','2018-01-20','934792708','Patricia Alvarez','977575589','patriciaalvarez67@outlook.com',21,1),(645,'EST20260085','Ana','Paredes Delgado','42202742','2018-12-19','954811015','Rosa Paredes','936973559','r.paredes37@hotmail.com',22,1),(646,'EST20260086','Teresa Juana','Ramos Flores','88134040','2018-12-03','966590789','Enrique Ramos','924701395','enriqueramos36@gmail.com',22,1),(647,'EST20260087','Hernan Alfredo','Vargas Flores','36940235','2018-10-19','993150261','Rosa Vargas','955657818','rosa.vargas27@hotmail.com',22,1),(648,'EST20260088','Teresa','Silva Rivera','49196519','2018-09-09','973242081','Carmen Silva','941065398','carmen.silva44@hotmail.com',22,1),(649,'EST20260089','David','Rojas Ortiz','60594605','2018-11-19','959527632','Ruben Rojas','910565031','rubenrojas37@hotmail.com',23,1),(650,'EST20260090','Victoria Alicia','Alvarez Cardenas','68116726','2018-06-03','934732157','Ricardo Alvarez','998766985','ralvarez45@gmail.com',23,1),(651,'EST20260091','Ana Edith','Silva Rivera','58103650','2018-09-09','912167800','Gabriela Silva','956392786','g.silva13@gmail.com',23,1),(652,'EST20260092','Francisca Elsa','Ruiz Zamora','38908153','2018-12-12','917102005','Gabriela Ruiz','963412261','gabrielaruiz87@gmail.com',23,1),(653,'EST20260093','Edgar Cesar','Paredes Villanueva','50174279','2018-11-22','983078546','Roberto Paredes','945020655','rparedes45@outlook.com',24,1),(654,'EST20260094','Luis Miguel','Chavez Vargas','23647401','2018-12-26','913334746','Juana Chavez','995293897','jchavez37@gmail.com',24,1),(655,'EST20260095','Manuel','Condori Palomino','39109692','2018-12-10','988495529','Marco Condori','934761266','marco.condori86@gmail.com',24,1),(656,'EST20260096','Jose Manuel','Quispe Cordova','75550752','2018-08-22','915724431','Estela Quispe','965316208','estelaquispe55@hotmail.com',24,1),(657,'EST20260097','Rosario Julia','Sanchez Rivera','47903611','2017-12-10','940351188','Javier Sanchez','931189805','javiersanchez59@gmail.com',25,1),(658,'EST20260098','David Walter','Chavez Rivera','22890461','2017-03-19','965915164','Fernando Chavez','984686085','fchavez22@outlook.com',25,1),(659,'EST20260099','Manuel','Paredes Cardenas','53624663','2017-01-08','920920544','Javier Paredes','921851011','j.paredes75@hotmail.com',25,1),(660,'EST20260100','Yolanda Elizabeth','Vargas Mendoza','34835405','2017-03-01','912353764','Elizabeth Vargas','931547025','evargas59@outlook.com',25,1),(661,'EST20260101','Juan','Silva Vargas','30219844','2017-01-12','946704834','Rosa Silva','940454999','r.silva03@hotmail.com',26,1),(662,'EST20260102','Jose','Silva Aquino','54236647','2017-07-11','993043777','Jose Silva','924328954','josesilva66@gmail.com',26,1),(663,'EST20260103','Estela Maria','Diaz Palomino','80497999','2017-10-10','959753240','Hector Diaz','997760207','hectordiaz11@hotmail.com',26,1),(664,'EST20260104','Alejandro Fernando','Silva Leon','84525725','2017-03-12','980497869','Alicia Silva','965774482','a.silva65@gmail.com',26,1),(665,'EST20260105','Rosa','Gutierrez Delgado','12091056','2017-06-26','929188345','Elsa Gutierrez','944546488','elsagutierrez79@outlook.com',27,1),(666,'EST20260106','Gladys','Ramos Cabrera','37874660','2017-05-01','926220382','Roberto Ramos','923308205','r.ramos85@hotmail.com',27,1),(667,'EST20260107','Alfredo','Morales Gomez','80511559','2017-08-05','985926775','David Morales','917587552','d.morales95@hotmail.com',27,1),(668,'EST20260108','Elena','Chavez Aquino','39822478','2017-03-18','925156609','Alicia Chavez','924884938','alicia.chavez24@outlook.com',27,1),(669,'EST20260109','Blanca','Mendoza Aquino','76826201','2017-11-05','967489980','Fernando Mendoza','998421726','fmendoza33@gmail.com',28,1),(670,'EST20260110','Estela','Condori Herrera','76093041','2017-06-08','998517002','Estela Condori','987082057','estelacondori10@outlook.com',28,1),(671,'EST20260111','Gabriela Juana','Chavez Cardenas','51921521','2017-10-16','979960236','Luisa Chavez','963248095','l.chavez70@gmail.com',28,1),(672,'EST20260112','Manuel','Flores Zamora','59297297','2017-09-08','940445829','Luis Flores','948888048','l.flores92@hotmail.com',28,1),(673,'EST20260113','Elizabeth','Rojas Mamani','27922320','2016-09-26','923704681','Luisa Rojas','931741426','luisarojas53@gmail.com',29,1),(674,'EST20260114','Juan Angel','Mendoza Villanueva','28841843','2016-02-19','917183315','Edith Mendoza','967691342','edith.mendoza07@gmail.com',29,1),(675,'EST20260115','Alicia','Espinoza Villanueva','37547558','2016-08-26','915174266','Hernan Espinoza','933175139','hernanespinoza72@outlook.com',29,1),(676,'EST20260116','Rosario Maria','Ramos Cardenas','62462876','2016-10-01','978856930','Ana Ramos','962475448','anaramos38@outlook.com',29,1),(677,'EST20260117','Victor Pedro','Mendoza Campos','49296378','2016-02-15','977300835','Hugo Mendoza','931190391','hugo.mendoza78@hotmail.com',30,1),(678,'EST20260118','Jaime Hugo','Diaz Mendoza','21930124','2016-03-08','972669797','Ana Diaz','919381681','adiaz86@hotmail.com',30,1),(679,'EST20260119','Gustavo','Vargas Salazar','27386415','2016-03-07','999037221','Martha Vargas','919951036','martha.vargas17@outlook.com',30,1),(680,'EST20260120','Alfredo Victor','Condori Ramos','32905241','2016-06-25','996240977','Luz Condori','941182076','luz.condori01@outlook.com',30,1),(681,'EST20260121','Rosario Isabel','Sanchez Campos','11255729','2016-09-05','975351985','Daniel Sanchez','987149080','dsanchez85@hotmail.com',31,1),(682,'EST20260122','Yolanda','Quispe Herrera','72567447','2016-03-13','939124691','Edith Quispe','912402989','e.quispe12@gmail.com',31,1),(683,'EST20260123','Ruben Oscar','Mendoza Bustamante','30024277','2016-05-18','940250719','Angel Mendoza','958492966','angelmendoza72@outlook.com',31,1),(684,'EST20260124','Cesar','Quispe Cardenas','19750731','2016-12-24','960517757','Francisca Quispe','915692531','francisca.quispe02@outlook.com',31,1),(685,'EST20260125','Luis','Silva Zamora','83987958','2016-04-22','996129142','Javier Silva','961566040','javier.silva33@gmail.com',32,1),(686,'EST20260126','Antonia Rosa','Mamani Salazar','70628945','2016-03-07','964924435','Luis Mamani','917635629','lmamani70@gmail.com',32,1),(687,'EST20260127','Silvia','Sanchez Villanueva','81753100','2016-01-22','997019330','Antonia Sanchez','990442683','asanchez78@outlook.com',32,1),(688,'EST20260128','Gladys','Vargas Vargas','36848574','2016-03-01','947600483','Miguel Vargas','992896910','miguel.vargas12@gmail.com',32,1),(689,'EST20260129','Antonia Patricia','Chavez Herrera','53250525','2015-11-02','992600885','Blanca Chavez','929181176','blancachavez88@gmail.com',33,1),(690,'EST20260130','Diana','Huaman Pinto','47707214','2015-01-23','911180036','Julia Huaman','964738955','julia.huaman31@hotmail.com',33,1),(691,'EST20260131','Eduardo Julio','Condori Herrera','17894331','2015-11-09','913484959','Luisa Condori','925175586','lcondori31@hotmail.com',33,1),(692,'EST20260132','Oscar','Mamani Rivera','11640020','2015-10-25','912727796','Hector Mamani','977990718','h.mamani09@hotmail.com',33,1),(693,'EST20260133','Jaime','Mamani Soto','20229637','2015-06-18','982068581','Elena Mamani','970235379','emamani39@outlook.com',34,1),(694,'EST20260134','Christian Ruben','Paredes Cordova','73732010','2015-10-15','945278790','Hernan Paredes','927302679','hparedes72@gmail.com',34,1),(695,'EST20260135','David Edgar','Gonzales Ramos','64358669','2015-04-23','947076837','Rosa Gonzales','983083032','rosa.gonzales04@hotmail.com',34,1),(696,'EST20260136','Elsa Victoria','Espinoza Soto','13818804','2015-07-27','980215801','Alicia Espinoza','986715837','aliciaespinoza12@outlook.com',34,1),(697,'EST20260137','Alfredo','Rojas Delgado','95337127','2015-02-25','943195258','Walter Rojas','995383248','wrojas19@gmail.com',35,1),(698,'EST20260138','Roberto Juan','Silva Ortiz','58593667','2015-12-10','956040322','Martha Silva','966555668','martha.silva25@gmail.com',35,1),(699,'EST20260139','Gabriela','Ramirez Salazar','36079517','2015-10-01','947716858','Hernan Ramirez','919608181','h.ramirez78@gmail.com',35,1),(700,'EST20260140','Margarita Elizabeth','Ramirez Cordova','47770278','2015-06-12','926920437','Juana Ramirez','941541391','j.ramirez71@outlook.com',35,1),(701,'EST20260141','Luisa Martha','Castillo Delgado','52687048','2015-07-27','955638758','Enrique Castillo','964384605','enrique.castillo20@outlook.com',36,1),(702,'EST20260142','Victor','Castillo Mendoza','34656443','2015-04-07','924427611','Luis Castillo','917106888','lcastillo80@hotmail.com',36,1),(703,'EST20260143','Sonia Patricia','Paredes Flores','60450498','2015-12-08','927387188','Victor Paredes','921503102','victor.paredes34@outlook.com',36,1),(704,'EST20260144','Silvia Elsa','Gonzales Aquino','75633097','2015-02-23','928873096','Gladys Gonzales','944253588','ggonzales59@gmail.com',36,1),(705,'EST20260145','Miguel Juan','Rojas Delgado','58820038','2014-11-20','952032840','Elizabeth Rojas','986491274','elizabethrojas69@outlook.com',37,1),(706,'EST20260146','Blanca','Ruiz Ortiz','90053397','2014-06-04','973977069','Fernando Ruiz','920278831','fernandoruiz85@outlook.com',37,1),(707,'EST20260147','Miguel','Espinoza Herrera','99325206','2014-12-06','934141396','Cesar Espinoza','963917801','cesar.espinoza79@gmail.com',37,1),(708,'EST20260148','Jaime','Morales Herrera','44130971','2014-04-16','959202836','Julio Morales','925912675','j.morales93@gmail.com',37,1),(709,'EST20260149','Antonia','Silva Cabrera','69778279','2014-07-19','945623076','Sonia Silva','974193608','s.silva29@hotmail.com',38,1),(710,'EST20260150','Juan','Paredes Soto','64795737','2014-02-28','926375695','Martha Paredes','922207546','martha.paredes63@gmail.com',38,1),(711,'EST20260151','Javier','Gutierrez Bustamante','50562004','2014-10-03','994157205','Alfredo Gutierrez','939903530','alfredogutierrez49@outlook.com',38,1),(712,'EST20260152','Oscar Hernan','Diaz Mamani','66783713','2014-07-12','966435910','Patricia Diaz','967749581','patricia.diaz41@gmail.com',38,1),(713,'EST20260153','Elena Maria','Mamani Herrera','38108476','2014-02-20','965389975','Carmen Mamani','972008569','cmamani92@gmail.com',39,1),(714,'EST20260154','Elsa Martha','Castro Bustamante','21103927','2014-03-22','928920933','Rosario Castro','953359651','rcastro55@gmail.com',39,1),(715,'EST20260155','Isabel Ana','Quispe Bustamante','99984423','2014-09-01','920340271','Julio Quispe','931714321','julio.quispe69@hotmail.com',39,1),(716,'EST20260156','Jaime','Castro Ortiz','74520512','2014-07-21','959994010','Elena Castro','995480039','ecastro15@outlook.com',39,1),(717,'EST20260157','Gladys','Torres Palomino','28387012','2014-10-17','935975370','Cesar Torres','945462497','cesartorres49@outlook.com',40,1),(718,'EST20260158','Manuel','Ramos Pinto','47757355','2014-08-04','945841414','Edgar Ramos','980411216','edgar.ramos90@outlook.com',40,1),(719,'EST20260159','Carlos','Rojas Zamora','80673504','2014-04-21','993802172','Elsa Rojas','950169075','e.rojas06@gmail.com',40,1),(720,'EST20260160','Diana','Gonzales Mendoza','34085806','2014-06-04','929027264','Luz Gonzales','957509557','l.gonzales98@hotmail.com',40,1),(721,'EST20260161','Rosario','Mamani Delgado','26267208','2013-07-08','979382011','Javier Mamani','936088834','javier.mamani20@gmail.com',41,1),(722,'EST20260162','Estela','Rojas Mamani','16342859','2013-04-12','992554818','Martha Rojas','927553415','m.rojas45@outlook.com',41,1),(723,'EST20260163','Antonia','Espinoza Cabrera','81883383','2013-08-08','928686809','Jorge Espinoza','978739423','jorgeespinoza86@hotmail.com',41,1),(724,'EST20260164','Carmen Patricia','Vargas Mendoza','73367092','2013-09-13','995865218','Rosario Vargas','947228816','r.vargas01@hotmail.com',41,1),(725,'EST20260165','Antonia Elizabeth','Mendoza Ortiz','28801865','2013-03-18','916417396','Enrique Mendoza','916615710','enriquemendoza74@gmail.com',42,1),(726,'EST20260166','Patricia','Castillo Campos','75556136','2013-09-21','922656586','Margarita Castillo','956337131','margaritacastillo59@hotmail.com',42,1),(727,'EST20260167','Ricardo Walter','Espinoza Campos','20681768','2013-02-06','977837406','Julia Espinoza','959556933','j.espinoza58@hotmail.com',42,1),(728,'EST20260168','Luz','Huaman Garcia','41053559','2013-05-26','928492454','Luisa Huaman','948360853','l.huaman37@hotmail.com',42,1),(729,'EST20260169','Ricardo','Silva Aquino','81802715','2013-09-09','948070818','Diana Silva','932912366','diana.silva02@gmail.com',43,1),(730,'EST20260170','Enrique','Espinoza Zamora','69020633','2013-12-17','914714709','Carmen Espinoza','946962108','carmenespinoza50@hotmail.com',43,1),(731,'EST20260171','Pedro Julio','Condori Vargas','63231490','2013-09-19','930462829','Alicia Condori','996866407','alicia.condori27@outlook.com',43,1),(732,'EST20260172','Ricardo Daniel','Torres Mamani','52714280','2013-12-04','947949369','Isabel Torres','926745939','isabeltorres81@outlook.com',43,1),(733,'EST20260173','Gabriela','Silva Salazar','62970933','2013-07-08','974474021','Carmen Silva','972850702','csilva50@hotmail.com',44,1),(734,'EST20260174','Elsa Gloria','Castro Mendoza','94132660','2013-12-12','961132467','Oscar Castro','922331699','oscar.castro24@hotmail.com',44,1),(735,'EST20260175','Carlos','Huaman Villanueva','13846665','2013-03-15','939093634','Ana Huaman','920904348','a.huaman19@hotmail.com',44,1),(736,'EST20260176','Christian','Torres Campos','45870679','2013-02-09','940634104','Manuel Torres','995559752','m.torres30@gmail.com',44,1),(737,'EST20260177','Javier','Flores Herrera','86663515','2012-09-17','922808851','Gabriela Flores','991430236','gabriela.flores31@hotmail.com',45,1),(738,'EST20260178','Fernando Carlos','Ruiz Campos','92141146','2012-04-13','913565118','Hugo Ruiz','949067690','hruiz28@gmail.com',45,1),(739,'EST20260179','Ana Blanca','Ramirez Gomez','67431676','2012-01-07','936526065','Luis Ramirez','990693884','luis.ramirez20@hotmail.com',45,1),(740,'EST20260180','Marco','Ruiz Mamani','75408937','2012-09-03','954274714','Silvia Ruiz','949415037','sruiz49@gmail.com',45,1),(741,'EST20260181','Victor Oscar','Flores Campos','98097322','2012-10-28','911102236','Hernan Flores','975296808','h.flores87@gmail.com',46,1),(742,'EST20260182','Luis','Chavez Delgado','73679507','2012-01-14','934870904','Luis Chavez','925163682','l.chavez22@hotmail.com',46,1),(743,'EST20260183','Nancy Juana','Paredes Mamani','29276243','2012-07-21','937118721','Yolanda Paredes','949894808','yolanda.paredes74@gmail.com',46,1),(744,'EST20260184','Juana Elizabeth','Gutierrez Leon','50173535','2012-12-21','931112668','Gustavo Gutierrez','916275267','ggutierrez24@gmail.com',46,1),(745,'EST20260185','Isabel Silvia','Espinoza Vargas','22149683','2012-09-25','924697138','Francisco Espinoza','959118128','f.espinoza95@gmail.com',47,1),(746,'EST20260186','Martha','Gutierrez Gomez','37584683','2012-03-03','947458444','Miguel Gutierrez','919890782','miguelgutierrez39@gmail.com',47,1),(747,'EST20260187','Antonia Francisca','Silva Ortiz','50497588','2012-05-23','947445390','Victoria Silva','950426119','v.silva55@outlook.com',47,1),(748,'EST20260188','Martha Sonia','Condori Villanueva','42583624','2012-07-02','981980905','Victoria Condori','932982842','v.condori85@gmail.com',47,1),(749,'EST20260189','Marco Fernando','Silva Ortiz','42940271','2012-10-07','997475203','Estela Silva','945854411','esilva93@hotmail.com',48,1),(750,'EST20260190','Oscar Alfredo','Quispe Cardenas','96565233','2012-06-14','930014972','Margarita Quispe','975082105','margaritaquispe89@hotmail.com',48,1),(751,'EST20260191','Francisca','Ramirez Cardenas','80174357','2012-08-10','944863740','Juan Ramirez','923418017','juan.ramirez49@hotmail.com',48,1),(752,'EST20260192','Victoria','Quispe Leon','47592773','2012-02-22','959084454','Teresa Quispe','950055289','tquispe26@outlook.com',48,1),(753,'EST20260193','Patricia','Espinoza Delgado','13460128','2011-05-27','932330203','Carlos Espinoza','936619834','carlos.espinoza55@hotmail.com',49,1),(754,'EST20260194','Cesar','Morales Aquino','52056462','2011-08-25','981272190','Angel Morales','967760191','amorales12@gmail.com',49,1),(755,'EST20260195','David Pedro','Espinoza Garcia','59522656','2011-01-03','944367518','Jose Espinoza','978054949','j.espinoza73@gmail.com',49,1),(756,'EST20260196','Diego Enrique','Morales Campos','78848474','2011-02-08','974402001','Luisa Morales','949087127','luisamorales99@hotmail.com',49,1),(757,'EST20260197','Hector Roberto','Gonzales Cardenas','76478367','2011-11-17','915435962','Luisa Gonzales','978189490','lgonzales37@outlook.com',50,1),(758,'EST20260198','Alejandro Raul','Condori Leon','36339832','2011-08-04','913568238','Marco Condori','945541702','marcocondori66@hotmail.com',50,1),(759,'EST20260199','Fernando Francisco','Ramirez Vargas','33127585','2011-08-10','999809281','Julio Ramirez','990869952','julioramirez53@gmail.com',50,1),(760,'EST20260200','Roberto Christian','Gonzales Rivera','34781654','2011-08-01','959316083','Ruben Gonzales','983359423','rgonzales53@gmail.com',50,1),(761,'EST20260201','Pedro Manuel','Chavez Cabrera','86287395','2011-06-23','993193718','Ruben Chavez','985353141','ruben.chavez29@hotmail.com',51,1),(762,'EST20260202','Maria Yolanda','Morales Mamani','53143733','2011-08-07','992924542','Isabel Morales','987577915','i.morales34@outlook.com',51,1),(763,'EST20260203','Oscar Jaime','Chavez Ortiz','83733776','2011-10-04','994148849','Elizabeth Chavez','973039130','elizabeth.chavez95@outlook.com',51,1),(764,'EST20260204','Ana','Torres Garcia','80516605','2011-10-10','914744364','Diego Torres','940751476','diego.torres85@hotmail.com',51,1),(765,'EST20260205','Javier','Torres Delgado','89277816','2011-04-16','979650391','Juana Torres','955075595','juanatorres42@hotmail.com',52,1),(766,'EST20260206','Francisco','Vargas Flores','97037411','2011-06-02','944773471','Luisa Vargas','950415893','l.vargas84@outlook.com',52,1),(767,'EST20260207','Rosa','Morales Herrera','62758603','2011-11-03','973363035','Cesar Morales','983150105','cesar.morales57@hotmail.com',52,1),(768,'EST20260208','Rosario Martha','Castillo Ramos','19236018','2011-11-02','955548204','Hernan Castillo','987217465','hernan.castillo66@hotmail.com',52,1),(769,'EST20260209','Jorge','Gutierrez Aquino','53509127','2010-08-25','947013854','Francisco Gutierrez','926302072','franciscogutierrez63@hotmail.com',53,1),(770,'EST20260210','Gabriela','Condori Ortiz','12248292','2010-08-03','982219763','Daniel Condori','941018019','daniel.condori09@hotmail.com',53,1),(771,'EST20260211','Daniel','Condori Garcia','34701999','2010-11-20','914916356','Ana Condori','961153437','acondori80@gmail.com',53,1),(772,'EST20260212','Hector Raul','Alvarez Mamani','32302419','2010-07-16','929418880','Pedro Alvarez','943572460','palvarez56@gmail.com',53,1),(773,'EST20260213','Elena Edith','Espinoza Villanueva','92363493','2010-01-06','950217635','Hector Espinoza','954565768','hector.espinoza14@hotmail.com',54,1),(774,'EST20260214','Julio','Mamani Mamani','82650633','2010-01-10','998903812','Elsa Mamani','913596103','emamani26@gmail.com',54,1),(775,'EST20260215','Alejandro Diego','Rojas Cabrera','44896336','2010-12-23','916499094','Victoria Rojas','965033969','vrojas15@outlook.com',54,1),(776,'EST20260216','Alejandro Gustavo','Castro Gomez','57508567','2010-09-18','924087543','Carlos Castro','912927136','carlos.castro06@outlook.com',54,1),(777,'EST20260217','Gladys','Gutierrez Ramos','29516408','2010-06-28','924536210','Hernan Gutierrez','992766906','hgutierrez57@outlook.com',55,1),(778,'EST20260218','Raul Hugo','Huaman Cordova','51092963','2010-02-07','972305546','Luz Huaman','918032138','luzhuaman54@gmail.com',55,1),(779,'EST20260219','Julia Carmen','Ramos Garcia','41018707','2010-09-14','973840551','Juana Ramos','997516423','juanaramos10@gmail.com',55,1),(780,'EST20260220','Teresa Silvia','Huaman Rivera','28447449','2010-08-03','930846289','Raul Huaman','929861840','rhuaman97@gmail.com',55,1),(781,'EST20260221','Hernan Edgar','Torres Soto','36845533','2010-09-03','981561383','Oscar Torres','937146854','oscar.torres52@hotmail.com',56,1),(782,'EST20260222','Jose Alfredo','Espinoza Aquino','59686700','2010-01-13','931600088','Victoria Espinoza','930473395','victoriaespinoza71@hotmail.com',56,1),(783,'EST20260223','Estela Diana','Vargas Vargas','99280786','2010-06-19','921035590','Jose Vargas','980822594','j.vargas66@outlook.com',56,1),(784,'EST20260224','Rosa Maria','Castro Mendoza','88241706','2010-01-27','947497306','Fernando Castro','952624610','fernando.castro22@hotmail.com',56,1);
/*!40000 ALTER TABLE `alumnos` ENABLE KEYS */;
UNLOCK TABLES;

--
-- Table structure for table `aulas_asignadas`
--

DROP TABLE IF EXISTS `aulas_asignadas`;
/*!40101 SET @saved_cs_client     = @@character_set_client */;
/*!40101 SET character_set_client = utf8 */;
CREATE TABLE `aulas_asignadas` (
  `id_aula` int(11) NOT NULL AUTO_INCREMENT,
  `id_grado` int(11) NOT NULL,
  `id_seccion` int(11) NOT NULL,
  `anio` year(4) NOT NULL,
  `vacantes` int(11) DEFAULT 30,
  PRIMARY KEY (`id_aula`),
  KEY `id_grado` (`id_grado`),
  KEY `id_seccion` (`id_seccion`),
  CONSTRAINT `aulas_asignadas_ibfk_1` FOREIGN KEY (`id_grado`) REFERENCES `grados` (`id_grado`),
  CONSTRAINT `aulas_asignadas_ibfk_2` FOREIGN KEY (`id_seccion`) REFERENCES `secciones` (`id_seccion`)
) ENGINE=InnoDB AUTO_INCREMENT=57 DEFAULT CHARSET=utf8 COLLATE=utf8_spanish2_ci;
/*!40101 SET character_set_client = @saved_cs_client */;

--
-- Dumping data for table `aulas_asignadas`
--

LOCK TABLES `aulas_asignadas` WRITE;
/*!40000 ALTER TABLE `aulas_asignadas` DISABLE KEYS */;
INSERT INTO `aulas_asignadas` VALUES (1,1,1,2026,30),(2,1,2,2026,30),(3,1,3,2026,30),(4,1,4,2026,30),(5,2,1,2026,30),(6,2,2,2026,30),(7,2,3,2026,30),(8,2,4,2026,30),(9,3,1,2026,30),(10,3,2,2026,30),(11,3,3,2026,30),(12,3,4,2026,30),(13,4,1,2026,30),(14,4,2,2026,30),(15,4,3,2026,30),(16,4,4,2026,30),(17,5,1,2026,30),(18,5,2,2026,30),(19,5,3,2026,30),(20,5,4,2026,30),(21,6,1,2026,30),(22,6,2,2026,30),(23,6,3,2026,30),(24,6,4,2026,30),(25,7,1,2026,30),(26,7,2,2026,30),(27,7,3,2026,30),(28,7,4,2026,30),(29,8,1,2026,30),(30,8,2,2026,30),(31,8,3,2026,30),(32,8,4,2026,30),(33,9,1,2026,30),(34,9,2,2026,30),(35,9,3,2026,30),(36,9,4,2026,30),(37,10,1,2026,30),(38,10,2,2026,30),(39,10,3,2026,30),(40,10,4,2026,30),(41,11,1,2026,30),(42,11,2,2026,30),(43,11,3,2026,30),(44,11,4,2026,30),(45,12,1,2026,30),(46,12,2,2026,30),(47,12,3,2026,30),(48,12,4,2026,30),(49,13,1,2026,30),(50,13,2,2026,30),(51,13,3,2026,30),(52,13,4,2026,30),(53,14,1,2026,30),(54,14,2,2026,30),(55,14,3,2026,30),(56,14,4,2026,30);
/*!40000 ALTER TABLE `aulas_asignadas` ENABLE KEYS */;
UNLOCK TABLES;

--
-- Table structure for table `competencias`
--

DROP TABLE IF EXISTS `competencias`;
/*!40101 SET @saved_cs_client     = @@character_set_client */;
/*!40101 SET character_set_client = utf8 */;
CREATE TABLE `competencias` (
  `id_competencia` int(11) NOT NULL AUTO_INCREMENT,
  `id_curso` int(11) NOT NULL,
  `nombre_competencia` varchar(200) NOT NULL,
  PRIMARY KEY (`id_competencia`),
  KEY `id_curso` (`id_curso`),
  CONSTRAINT `competencias_ibfk_1` FOREIGN KEY (`id_curso`) REFERENCES `cursos` (`id_curso`)
) ENGINE=InnoDB DEFAULT CHARSET=utf8 COLLATE=utf8_spanish2_ci;
/*!40101 SET character_set_client = @saved_cs_client */;

--
-- Dumping data for table `competencias`
--

LOCK TABLES `competencias` WRITE;
/*!40000 ALTER TABLE `competencias` DISABLE KEYS */;
/*!40000 ALTER TABLE `competencias` ENABLE KEYS */;
UNLOCK TABLES;

--
-- Table structure for table `cursos`
--

DROP TABLE IF EXISTS `cursos`;
/*!40101 SET @saved_cs_client     = @@character_set_client */;
/*!40101 SET character_set_client = utf8 */;
CREATE TABLE `cursos` (
  `id_curso` int(11) NOT NULL AUTO_INCREMENT,
  `nombre_curso` varchar(100) NOT NULL,
  `codigo_curso` varchar(20) DEFAULT NULL,
  `horas_semanales` int(11) DEFAULT 4,
  `id_nivel` int(11) NOT NULL,
  PRIMARY KEY (`id_curso`),
  KEY `id_nivel` (`id_nivel`),
  CONSTRAINT `cursos_ibfk_1` FOREIGN KEY (`id_nivel`) REFERENCES `niveles` (`id_nivel`)
) ENGINE=InnoDB AUTO_INCREMENT=9 DEFAULT CHARSET=utf8 COLLATE=utf8_spanish2_ci;
/*!40101 SET character_set_client = @saved_cs_client */;

--
-- Dumping data for table `cursos`
--

LOCK TABLES `cursos` WRITE;
/*!40000 ALTER TABLE `cursos` DISABLE KEYS */;
INSERT INTO `cursos` VALUES (1,'Matemática','MAT01',6,2),(2,'Comunicación','COM01',6,2),(3,'Ciencia y Tecnología','CT01',4,2),(4,'Personal Social','PS01',3,2),(5,'Inglés','ING01',3,2),(6,'Arte y Cultura','ART01',2,2),(7,'Educación Física','EF01',2,2),(8,'Religión','REL01',2,2);
/*!40000 ALTER TABLE `cursos` ENABLE KEYS */;
UNLOCK TABLES;

--
-- Table structure for table `docente_curso_aula`
--

DROP TABLE IF EXISTS `docente_curso_aula`;
/*!40101 SET @saved_cs_client     = @@character_set_client */;
/*!40101 SET character_set_client = utf8 */;
CREATE TABLE `docente_curso_aula` (
  `id_docente_curso_aula` int(11) NOT NULL AUTO_INCREMENT,
  `id_usuario` int(11) NOT NULL,
  `id_curso` int(11) NOT NULL,
  `id_aula` int(11) NOT NULL,
  `anio` year(4) NOT NULL,
  PRIMARY KEY (`id_docente_curso_aula`),
  KEY `id_usuario` (`id_usuario`),
  KEY `id_curso` (`id_curso`),
  KEY `id_aula` (`id_aula`),
  CONSTRAINT `docente_curso_aula_ibfk_1` FOREIGN KEY (`id_usuario`) REFERENCES `usuarios` (`id_usuario`),
  CONSTRAINT `docente_curso_aula_ibfk_2` FOREIGN KEY (`id_curso`) REFERENCES `cursos` (`id_curso`),
  CONSTRAINT `docente_curso_aula_ibfk_3` FOREIGN KEY (`id_aula`) REFERENCES `aulas_asignadas` (`id_aula`)
) ENGINE=InnoDB DEFAULT CHARSET=utf8 COLLATE=utf8_spanish2_ci;
/*!40101 SET character_set_client = @saved_cs_client */;

--
-- Dumping data for table `docente_curso_aula`
--

LOCK TABLES `docente_curso_aula` WRITE;
/*!40000 ALTER TABLE `docente_curso_aula` DISABLE KEYS */;
/*!40000 ALTER TABLE `docente_curso_aula` ENABLE KEYS */;
UNLOCK TABLES;

--
-- Table structure for table `docente_nivel`
--

DROP TABLE IF EXISTS `docente_nivel`;
/*!40101 SET @saved_cs_client     = @@character_set_client */;
/*!40101 SET character_set_client = utf8 */;
CREATE TABLE `docente_nivel` (
  `id_usuario` int(11) NOT NULL,
  `id_nivel` int(11) NOT NULL,
  PRIMARY KEY (`id_usuario`,`id_nivel`),
  KEY `id_nivel` (`id_nivel`),
  CONSTRAINT `docente_nivel_ibfk_1` FOREIGN KEY (`id_usuario`) REFERENCES `usuarios` (`id_usuario`) ON DELETE CASCADE,
  CONSTRAINT `docente_nivel_ibfk_2` FOREIGN KEY (`id_nivel`) REFERENCES `niveles` (`id_nivel`) ON DELETE CASCADE
) ENGINE=InnoDB DEFAULT CHARSET=utf8 COLLATE=utf8_general_ci;
/*!40101 SET character_set_client = @saved_cs_client */;

--
-- Dumping data for table `docente_nivel`
--

LOCK TABLES `docente_nivel` WRITE;
/*!40000 ALTER TABLE `docente_nivel` DISABLE KEYS */;
INSERT INTO `docente_nivel` VALUES (574,1),(574,2),(574,3);
/*!40000 ALTER TABLE `docente_nivel` ENABLE KEYS */;
UNLOCK TABLES;

--
-- Table structure for table `grados`
--

DROP TABLE IF EXISTS `grados`;
/*!40101 SET @saved_cs_client     = @@character_set_client */;
/*!40101 SET character_set_client = utf8 */;
CREATE TABLE `grados` (
  `id_grado` int(11) NOT NULL AUTO_INCREMENT,
  `nombre_grado` varchar(20) NOT NULL,
  `id_nivel` int(11) NOT NULL,
  `orden` int(11) DEFAULT 0,
  PRIMARY KEY (`id_grado`),
  KEY `id_nivel` (`id_nivel`),
  CONSTRAINT `grados_ibfk_1` FOREIGN KEY (`id_nivel`) REFERENCES `niveles` (`id_nivel`)
) ENGINE=InnoDB AUTO_INCREMENT=15 DEFAULT CHARSET=utf8 COLLATE=utf8_spanish2_ci;
/*!40101 SET character_set_client = @saved_cs_client */;

--
-- Dumping data for table `grados`
--

LOCK TABLES `grados` WRITE;
/*!40000 ALTER TABLE `grados` DISABLE KEYS */;
INSERT INTO `grados` VALUES (1,'3 años',1,1),(2,'4 años',1,2),(3,'5 años',1,3),(4,'1° Grado',2,4),(5,'2° Grado',2,5),(6,'3° Grado',2,6),(7,'4° Grado',2,7),(8,'5° Grado',2,8),(9,'6° Grado',2,9),(10,'1° Año',3,10),(11,'2° Año',3,11),(12,'3° Año',3,12),(13,'4° Año',3,13),(14,'5° Año',3,14);
/*!40000 ALTER TABLE `grados` ENABLE KEYS */;
UNLOCK TABLES;

--
-- Table structure for table `niveles`
--

DROP TABLE IF EXISTS `niveles`;
/*!40101 SET @saved_cs_client     = @@character_set_client */;
/*!40101 SET character_set_client = utf8 */;
CREATE TABLE `niveles` (
  `id_nivel` int(11) NOT NULL AUTO_INCREMENT,
  `nombre_nivel` varchar(50) NOT NULL,
  PRIMARY KEY (`id_nivel`),
  UNIQUE KEY `nombre_nivel` (`nombre_nivel`)
) ENGINE=InnoDB AUTO_INCREMENT=4 DEFAULT CHARSET=utf8 COLLATE=utf8_spanish2_ci;
/*!40101 SET character_set_client = @saved_cs_client */;

--
-- Dumping data for table `niveles`
--

LOCK TABLES `niveles` WRITE;
/*!40000 ALTER TABLE `niveles` DISABLE KEYS */;
INSERT INTO `niveles` VALUES (1,'Inicial'),(2,'Primaria'),(3,'Secundaria');
/*!40000 ALTER TABLE `niveles` ENABLE KEYS */;
UNLOCK TABLES;

--
-- Table structure for table `notas`
--

DROP TABLE IF EXISTS `notas`;
/*!40101 SET @saved_cs_client     = @@character_set_client */;
/*!40101 SET character_set_client = utf8 */;
CREATE TABLE `notas` (
  `id_nota` int(11) NOT NULL AUTO_INCREMENT,
  `id_alumno` int(11) NOT NULL,
  `id_competencia` int(11) NOT NULL,
  `id_docente_curso_aula` int(11) NOT NULL,
  `bimestre` tinyint(4) NOT NULL CHECK (`bimestre` in (1,2,3,4)),
  `nota` decimal(5,2) DEFAULT NULL CHECK (`nota` >= 0 and `nota` <= 20),
  `observacion` text DEFAULT NULL,
  `creado_en` timestamp NOT NULL DEFAULT current_timestamp(),
  PRIMARY KEY (`id_nota`),
  KEY `id_alumno` (`id_alumno`),
  KEY `id_competencia` (`id_competencia`),
  KEY `id_docente_curso_aula` (`id_docente_curso_aula`),
  CONSTRAINT `notas_ibfk_1` FOREIGN KEY (`id_alumno`) REFERENCES `alumnos` (`id_alumno`),
  CONSTRAINT `notas_ibfk_2` FOREIGN KEY (`id_competencia`) REFERENCES `competencias` (`id_competencia`),
  CONSTRAINT `notas_ibfk_3` FOREIGN KEY (`id_docente_curso_aula`) REFERENCES `docente_curso_aula` (`id_docente_curso_aula`)
) ENGINE=InnoDB DEFAULT CHARSET=utf8 COLLATE=utf8_spanish2_ci;
/*!40101 SET character_set_client = @saved_cs_client */;

--
-- Dumping data for table `notas`
--

LOCK TABLES `notas` WRITE;
/*!40000 ALTER TABLE `notas` DISABLE KEYS */;
/*!40000 ALTER TABLE `notas` ENABLE KEYS */;
UNLOCK TABLES;

--
-- Table structure for table `padres_familia`
--

DROP TABLE IF EXISTS `padres_familia`;
/*!40101 SET @saved_cs_client     = @@character_set_client */;
/*!40101 SET character_set_client = utf8 */;
CREATE TABLE `padres_familia` (
  `id_padre` int(11) NOT NULL AUTO_INCREMENT,
  `id_usuario` int(11) NOT NULL,
  `password_generada` varchar(255) NOT NULL,
  PRIMARY KEY (`id_padre`),
  UNIQUE KEY `id_usuario` (`id_usuario`),
  CONSTRAINT `padres_familia_ibfk_1` FOREIGN KEY (`id_usuario`) REFERENCES `usuarios` (`id_usuario`)
) ENGINE=InnoDB AUTO_INCREMENT=787 DEFAULT CHARSET=utf8 COLLATE=utf8_spanish2_ci;
/*!40101 SET character_set_client = @saved_cs_client */;

--
-- Dumping data for table `padres_familia`
--

LOCK TABLES `padres_familia` WRITE;
/*!40000 ALTER TABLE `padres_familia` DISABLE KEYS */;
INSERT INTO `padres_familia` VALUES (562,576,'admin123'),(563,577,'padre123'),(564,578,'padre123'),(565,579,'padre123'),(566,580,'padre123'),(567,581,'padre123'),(568,582,'padre123'),(569,583,'padre123'),(570,584,'padre123'),(571,585,'padre123'),(572,586,'padre123'),(573,587,'padre123'),(574,588,'padre123'),(575,589,'padre123'),(576,590,'padre123'),(577,591,'padre123'),(578,592,'padre123'),(579,593,'padre123'),(580,594,'padre123'),(581,595,'padre123'),(582,596,'padre123'),(583,597,'padre123'),(584,598,'padre123'),(585,599,'padre123'),(586,600,'padre123'),(587,601,'padre123'),(588,602,'padre123'),(589,603,'padre123'),(590,604,'padre123'),(591,605,'padre123'),(592,606,'padre123'),(593,607,'padre123'),(594,608,'padre123'),(595,609,'padre123'),(596,610,'padre123'),(597,611,'padre123'),(598,612,'padre123'),(599,613,'padre123'),(600,614,'padre123'),(601,615,'padre123'),(602,616,'padre123'),(603,617,'padre123'),(604,618,'padre123'),(605,619,'padre123'),(606,620,'padre123'),(607,621,'padre123'),(608,622,'padre123'),(609,623,'padre123'),(610,624,'padre123'),(611,625,'padre123'),(612,626,'padre123'),(613,627,'padre123'),(614,628,'padre123'),(615,629,'padre123'),(616,630,'padre123'),(617,631,'padre123'),(618,632,'padre123'),(619,633,'padre123'),(620,634,'padre123'),(621,635,'padre123'),(622,636,'padre123'),(623,637,'padre123'),(624,638,'padre123'),(625,639,'padre123'),(626,640,'padre123'),(627,641,'padre123'),(628,642,'padre123'),(629,643,'padre123'),(630,644,'padre123'),(631,645,'padre123'),(632,646,'padre123'),(633,647,'padre123'),(634,648,'padre123'),(635,649,'padre123'),(636,650,'padre123'),(637,651,'padre123'),(638,652,'padre123'),(639,653,'padre123'),(640,654,'padre123'),(641,655,'padre123'),(642,656,'padre123'),(643,657,'padre123'),(644,658,'padre123'),(645,659,'padre123'),(646,660,'padre123'),(647,661,'padre123'),(648,662,'padre123'),(649,663,'padre123'),(650,664,'padre123'),(651,665,'padre123'),(652,666,'padre123'),(653,667,'padre123'),(654,668,'padre123'),(655,669,'padre123'),(656,670,'padre123'),(657,671,'padre123'),(658,672,'padre123'),(659,673,'padre123'),(660,674,'padre123'),(661,675,'padre123'),(662,676,'padre123'),(663,677,'padre123'),(664,678,'padre123'),(665,679,'padre123'),(666,680,'padre123'),(667,681,'padre123'),(668,682,'padre123'),(669,683,'padre123'),(670,684,'padre123'),(671,685,'padre123'),(672,686,'padre123'),(673,687,'padre123'),(674,688,'padre123'),(675,689,'padre123'),(676,690,'padre123'),(677,691,'padre123'),(678,692,'padre123'),(679,693,'padre123'),(680,694,'padre123'),(681,695,'padre123'),(682,696,'padre123'),(683,697,'padre123'),(684,698,'padre123'),(685,699,'padre123'),(686,700,'padre123'),(687,701,'padre123'),(688,702,'padre123'),(689,703,'padre123'),(690,704,'padre123'),(691,705,'padre123'),(692,706,'padre123'),(693,707,'padre123'),(694,708,'padre123'),(695,709,'padre123'),(696,710,'padre123'),(697,711,'padre123'),(698,712,'padre123'),(699,713,'padre123'),(700,714,'padre123'),(701,715,'padre123'),(702,716,'padre123'),(703,717,'padre123'),(704,718,'padre123'),(705,719,'padre123'),(706,720,'padre123'),(707,721,'padre123'),(708,722,'padre123'),(709,723,'padre123'),(710,724,'padre123'),(711,725,'padre123'),(712,726,'padre123'),(713,727,'padre123'),(714,728,'padre123'),(715,729,'padre123'),(716,730,'padre123'),(717,731,'padre123'),(718,732,'padre123'),(719,733,'padre123'),(720,734,'padre123'),(721,735,'padre123'),(722,736,'padre123'),(723,737,'padre123'),(724,738,'padre123'),(725,739,'padre123'),(726,740,'padre123'),(727,741,'padre123'),(728,742,'padre123'),(729,743,'padre123'),(730,744,'padre123'),(731,745,'padre123'),(732,746,'padre123'),(733,747,'padre123'),(734,748,'padre123'),(735,749,'padre123'),(736,750,'padre123'),(737,751,'padre123'),(738,752,'padre123'),(739,753,'padre123'),(740,754,'padre123'),(741,755,'padre123'),(742,756,'padre123'),(743,757,'padre123'),(744,758,'padre123'),(745,759,'padre123'),(746,760,'padre123'),(747,761,'padre123'),(748,762,'padre123'),(749,763,'padre123'),(750,764,'padre123'),(751,765,'padre123'),(752,766,'padre123'),(753,767,'padre123'),(754,768,'padre123'),(755,769,'padre123'),(756,770,'padre123'),(757,771,'padre123'),(758,772,'padre123'),(759,773,'padre123'),(760,774,'padre123'),(761,775,'padre123'),(762,776,'padre123'),(763,777,'padre123'),(764,778,'padre123'),(765,779,'padre123'),(766,780,'padre123'),(767,781,'padre123'),(768,782,'padre123'),(769,783,'padre123'),(770,784,'padre123'),(771,785,'padre123'),(772,786,'padre123'),(773,787,'padre123'),(774,788,'padre123'),(775,789,'padre123'),(776,790,'padre123'),(777,791,'padre123'),(778,792,'padre123'),(779,793,'padre123'),(780,794,'padre123'),(781,795,'padre123'),(782,796,'padre123'),(783,797,'padre123'),(784,798,'padre123'),(785,799,'padre123'),(786,800,'padre123');
/*!40000 ALTER TABLE `padres_familia` ENABLE KEYS */;
UNLOCK TABLES;

--
-- Table structure for table `roles`
--

DROP TABLE IF EXISTS `roles`;
/*!40101 SET @saved_cs_client     = @@character_set_client */;
/*!40101 SET character_set_client = utf8 */;
CREATE TABLE `roles` (
  `id_rol` int(11) NOT NULL AUTO_INCREMENT,
  `nombre_rol` varchar(50) NOT NULL,
  `nivel_acceso` int(11) NOT NULL,
  PRIMARY KEY (`id_rol`),
  UNIQUE KEY `nombre_rol` (`nombre_rol`)
) ENGINE=InnoDB AUTO_INCREMENT=6 DEFAULT CHARSET=utf8 COLLATE=utf8_spanish2_ci;
/*!40101 SET character_set_client = @saved_cs_client */;

--
-- Dumping data for table `roles`
--

LOCK TABLES `roles` WRITE;
/*!40000 ALTER TABLE `roles` DISABLE KEYS */;
INSERT INTO `roles` VALUES (1,'SuperUsuario',10),(2,'Director',9),(3,'Docente',5),(4,'Secretaria',4),(5,'PadreFamilia',2);
/*!40000 ALTER TABLE `roles` ENABLE KEYS */;
UNLOCK TABLES;

--
-- Table structure for table `secciones`
--

DROP TABLE IF EXISTS `secciones`;
/*!40101 SET @saved_cs_client     = @@character_set_client */;
/*!40101 SET character_set_client = utf8 */;
CREATE TABLE `secciones` (
  `id_seccion` int(11) NOT NULL AUTO_INCREMENT,
  `nombre_seccion` varchar(10) NOT NULL,
  PRIMARY KEY (`id_seccion`)
) ENGINE=InnoDB AUTO_INCREMENT=5 DEFAULT CHARSET=utf8 COLLATE=utf8_spanish2_ci;
/*!40101 SET character_set_client = @saved_cs_client */;

--
-- Dumping data for table `secciones`
--

LOCK TABLES `secciones` WRITE;
/*!40000 ALTER TABLE `secciones` DISABLE KEYS */;
INSERT INTO `secciones` VALUES (1,'A'),(2,'B'),(3,'C'),(4,'AD');
/*!40000 ALTER TABLE `secciones` ENABLE KEYS */;
UNLOCK TABLES;

--
-- Table structure for table `usuarios`
--

DROP TABLE IF EXISTS `usuarios`;
/*!40101 SET @saved_cs_client     = @@character_set_client */;
/*!40101 SET character_set_client = utf8 */;
CREATE TABLE `usuarios` (
  `id_usuario` int(11) NOT NULL AUTO_INCREMENT,
  `nombres` varchar(100) NOT NULL,
  `apellidos` varchar(100) NOT NULL,
  `email` varchar(120) NOT NULL,
  `password_hash` varchar(255) NOT NULL,
  `dni` varchar(8) NOT NULL,
  `telefono` varchar(15) DEFAULT NULL,
  `id_rol` int(11) NOT NULL,
  `activo` tinyint(1) DEFAULT 1,
  `creado_en` timestamp NOT NULL DEFAULT current_timestamp(),
  PRIMARY KEY (`id_usuario`),
  UNIQUE KEY `email` (`email`),
  UNIQUE KEY `dni` (`dni`),
  KEY `id_rol` (`id_rol`),
  CONSTRAINT `usuarios_ibfk_1` FOREIGN KEY (`id_rol`) REFERENCES `roles` (`id_rol`)
) ENGINE=InnoDB AUTO_INCREMENT=801 DEFAULT CHARSET=utf8 COLLATE=utf8_spanish2_ci;
/*!40101 SET character_set_client = @saved_cs_client */;

--
-- Dumping data for table `usuarios`
--

LOCK TABLES `usuarios` WRITE;
/*!40000 ALTER TABLE `usuarios` DISABLE KEYS */;
INSERT INTO `usuarios` VALUES (1,'Administrador','Sistema','admin@honores.edu.pe','$2y$10$92IXUNpkjO0rOQ5byMi.Ye4oKoEa3Ro9llC/.og/at2.uheWG/igi','12345678',NULL,1,1,'2026-06-20 16:46:28'),(573,'Alejandro','Quispe Mamani','director@honores.edu.pe','$2y$10$/YG2GUBdMg7NMQ1LmytGkOIYcJjtBZeeuBaFNFg5VIl5qw0VN5XHi','09483726','984726153',2,1,'2026-06-20 21:52:38'),(574,'María Elena','Condori Flores','maria.condori@honores.edu.pe','$2y$10$/YG2GUBdMg7NMQ1LmytGkOIYcJjtBZeeuBaFNFg5VIl5qw0VN5XHi','42938475','951827364',3,1,'2026-06-20 21:52:38'),(575,'Patricia Isabel','Ramos Mendoza','secretaria@honores.edu.pe','$2y$10$/YG2GUBdMg7NMQ1LmytGkOIYcJjtBZeeuBaFNFg5VIl5qw0VN5XHi','71829384','924736182',4,1,'2026-06-20 21:52:38'),(576,'Juan Carlos','Huamán Alca','j.huaman@gmail.com','$2y$10$/YG2GUBdMg7NMQ1LmytGkOIYcJjtBZeeuBaFNFg5VIl5qw0VN5XHi','10492837','937482910',5,1,'2026-06-20 21:52:38'),(577,'Rosario Castillo','Apoderado','rcastillo15@gmail.com','$2y$10$jQQE/RQrYbDC2N/twX41reLFO9YWfOaRkwyqgJgLWrS9a2mz0Irdy','22985668','986974540',5,1,'2026-06-20 21:52:38'),(578,'David Silva','Apoderado','david.silva92@gmail.com','$2y$10$jQQE/RQrYbDC2N/twX41reLFO9YWfOaRkwyqgJgLWrS9a2mz0Irdy','42473453','970685873',5,1,'2026-06-20 21:52:38'),(579,'Victoria Condori','Apoderado','vcondori68@gmail.com','$2y$10$jQQE/RQrYbDC2N/twX41reLFO9YWfOaRkwyqgJgLWrS9a2mz0Irdy','82728908','940330055',5,1,'2026-06-20 21:52:38'),(580,'Juan Alvarez','Apoderado','juanalvarez61@hotmail.com','$2y$10$jQQE/RQrYbDC2N/twX41reLFO9YWfOaRkwyqgJgLWrS9a2mz0Irdy','70185476','958532408',5,1,'2026-06-20 21:52:38'),(581,'Daniel Espinoza','Apoderado','d.espinoza91@hotmail.com','$2y$10$jQQE/RQrYbDC2N/twX41reLFO9YWfOaRkwyqgJgLWrS9a2mz0Irdy','35998250','967543764',5,1,'2026-06-20 21:52:38'),(582,'Edith Gonzales','Apoderado','egonzales68@hotmail.com','$2y$10$jQQE/RQrYbDC2N/twX41reLFO9YWfOaRkwyqgJgLWrS9a2mz0Irdy','41797445','922090464',5,1,'2026-06-20 21:52:38'),(583,'Ana Diaz','Apoderado','adiaz50@hotmail.com','$2y$10$jQQE/RQrYbDC2N/twX41reLFO9YWfOaRkwyqgJgLWrS9a2mz0Irdy','34686116','950567058',5,1,'2026-06-20 21:52:38'),(584,'Sonia Ramos','Apoderado','s.ramos20@gmail.com','$2y$10$jQQE/RQrYbDC2N/twX41reLFO9YWfOaRkwyqgJgLWrS9a2mz0Irdy','97500654','953495674',5,1,'2026-06-20 21:52:38'),(585,'Diego Ramos','Apoderado','diegoramos59@outlook.com','$2y$10$jQQE/RQrYbDC2N/twX41reLFO9YWfOaRkwyqgJgLWrS9a2mz0Irdy','82849125','927091776',5,1,'2026-06-20 21:52:38'),(586,'Elsa Chavez','Apoderado','echavez12@outlook.com','$2y$10$jQQE/RQrYbDC2N/twX41reLFO9YWfOaRkwyqgJgLWrS9a2mz0Irdy','83931407','984849586',5,1,'2026-06-20 21:52:38'),(587,'Maria Vargas','Apoderado','mvargas88@gmail.com','$2y$10$jQQE/RQrYbDC2N/twX41reLFO9YWfOaRkwyqgJgLWrS9a2mz0Irdy','27629647','938186935',5,1,'2026-06-20 21:52:38'),(588,'Carlos Huaman','Apoderado','c.huaman23@gmail.com','$2y$10$jQQE/RQrYbDC2N/twX41reLFO9YWfOaRkwyqgJgLWrS9a2mz0Irdy','47829144','931382234',5,1,'2026-06-20 21:52:38'),(589,'Victor Morales','Apoderado','victormorales83@outlook.com','$2y$10$jQQE/RQrYbDC2N/twX41reLFO9YWfOaRkwyqgJgLWrS9a2mz0Irdy','78301488','957595820',5,1,'2026-06-20 21:52:38'),(590,'Teresa Quispe','Apoderado','t.quispe85@gmail.com','$2y$10$jQQE/RQrYbDC2N/twX41reLFO9YWfOaRkwyqgJgLWrS9a2mz0Irdy','87478815','981595658',5,1,'2026-06-20 21:52:38'),(591,'Ruben Huaman','Apoderado','ruben.huaman13@hotmail.com','$2y$10$jQQE/RQrYbDC2N/twX41reLFO9YWfOaRkwyqgJgLWrS9a2mz0Irdy','86041754','986481077',5,1,'2026-06-20 21:52:38'),(592,'Diego Gutierrez','Apoderado','dgutierrez54@hotmail.com','$2y$10$jQQE/RQrYbDC2N/twX41reLFO9YWfOaRkwyqgJgLWrS9a2mz0Irdy','26153653','930716002',5,1,'2026-06-20 21:52:38'),(593,'Walter Rojas','Apoderado','walterrojas94@hotmail.com','$2y$10$jQQE/RQrYbDC2N/twX41reLFO9YWfOaRkwyqgJgLWrS9a2mz0Irdy','69504311','980930676',5,1,'2026-06-20 21:52:38'),(594,'Marco Flores','Apoderado','marcoflores51@hotmail.com','$2y$10$jQQE/RQrYbDC2N/twX41reLFO9YWfOaRkwyqgJgLWrS9a2mz0Irdy','24335966','971598541',5,1,'2026-06-20 21:52:38'),(595,'Roberto Flores','Apoderado','robertoflores10@gmail.com','$2y$10$jQQE/RQrYbDC2N/twX41reLFO9YWfOaRkwyqgJgLWrS9a2mz0Irdy','62441760','921924790',5,1,'2026-06-20 21:52:38'),(596,'Cesar Silva','Apoderado','cesar.silva09@outlook.com','$2y$10$jQQE/RQrYbDC2N/twX41reLFO9YWfOaRkwyqgJgLWrS9a2mz0Irdy','51744895','960010371',5,1,'2026-06-20 21:52:38'),(597,'Elena Flores','Apoderado','eflores90@hotmail.com','$2y$10$jQQE/RQrYbDC2N/twX41reLFO9YWfOaRkwyqgJgLWrS9a2mz0Irdy','22636387','990327665',5,1,'2026-06-20 21:52:38'),(598,'Fernando Vargas','Apoderado','fernandovargas23@hotmail.com','$2y$10$jQQE/RQrYbDC2N/twX41reLFO9YWfOaRkwyqgJgLWrS9a2mz0Irdy','58843068','943284330',5,1,'2026-06-20 21:52:38'),(599,'Edgar Torres','Apoderado','edgar.torres66@hotmail.com','$2y$10$jQQE/RQrYbDC2N/twX41reLFO9YWfOaRkwyqgJgLWrS9a2mz0Irdy','16238035','957329731',5,1,'2026-06-20 21:52:38'),(600,'Manuel Alvarez','Apoderado','manuelalvarez35@gmail.com','$2y$10$jQQE/RQrYbDC2N/twX41reLFO9YWfOaRkwyqgJgLWrS9a2mz0Irdy','37084496','912087569',5,1,'2026-06-20 21:52:38'),(601,'Manuel Espinoza','Apoderado','manuelespinoza28@outlook.com','$2y$10$jQQE/RQrYbDC2N/twX41reLFO9YWfOaRkwyqgJgLWrS9a2mz0Irdy','98280036','968275934',5,1,'2026-06-20 21:52:38'),(602,'Enrique Vargas','Apoderado','enriquevargas66@hotmail.com','$2y$10$jQQE/RQrYbDC2N/twX41reLFO9YWfOaRkwyqgJgLWrS9a2mz0Irdy','36125135','949985561',5,1,'2026-06-20 21:52:38'),(603,'Victor Ramos','Apoderado','victorramos41@hotmail.com','$2y$10$jQQE/RQrYbDC2N/twX41reLFO9YWfOaRkwyqgJgLWrS9a2mz0Irdy','73818822','971855748',5,1,'2026-06-20 21:52:38'),(604,'Hector Espinoza','Apoderado','h.espinoza30@outlook.com','$2y$10$jQQE/RQrYbDC2N/twX41reLFO9YWfOaRkwyqgJgLWrS9a2mz0Irdy','55212014','993446058',5,1,'2026-06-20 21:52:38'),(605,'Alejandro Castillo','Apoderado','a.castillo35@hotmail.com','$2y$10$jQQE/RQrYbDC2N/twX41reLFO9YWfOaRkwyqgJgLWrS9a2mz0Irdy','23643059','949177092',5,1,'2026-06-20 21:52:38'),(606,'Angel Flores','Apoderado','aflores48@hotmail.com','$2y$10$jQQE/RQrYbDC2N/twX41reLFO9YWfOaRkwyqgJgLWrS9a2mz0Irdy','99556519','994179279',5,1,'2026-06-20 21:52:38'),(607,'Carlos Castro','Apoderado','carloscastro42@gmail.com','$2y$10$jQQE/RQrYbDC2N/twX41reLFO9YWfOaRkwyqgJgLWrS9a2mz0Irdy','63547232','967423680',5,1,'2026-06-20 21:52:38'),(608,'Estela Mendoza','Apoderado','estelamendoza94@gmail.com','$2y$10$jQQE/RQrYbDC2N/twX41reLFO9YWfOaRkwyqgJgLWrS9a2mz0Irdy','99547374','946821031',5,1,'2026-06-20 21:52:38'),(609,'Luz Mendoza','Apoderado','luz.mendoza75@outlook.com','$2y$10$jQQE/RQrYbDC2N/twX41reLFO9YWfOaRkwyqgJgLWrS9a2mz0Irdy','73255677','958014532',5,1,'2026-06-20 21:52:38'),(610,'Luz Gonzales','Apoderado','luz.gonzales19@outlook.com','$2y$10$jQQE/RQrYbDC2N/twX41reLFO9YWfOaRkwyqgJgLWrS9a2mz0Irdy','91675845','965406000',5,1,'2026-06-20 21:52:38'),(611,'Isabel Diaz','Apoderado','isabel.diaz82@hotmail.com','$2y$10$jQQE/RQrYbDC2N/twX41reLFO9YWfOaRkwyqgJgLWrS9a2mz0Irdy','11163068','950302761',5,1,'2026-06-20 21:52:38'),(612,'Nancy Paredes','Apoderado','nparedes31@outlook.com','$2y$10$jQQE/RQrYbDC2N/twX41reLFO9YWfOaRkwyqgJgLWrS9a2mz0Irdy','46004665','932651136',5,1,'2026-06-20 21:52:38'),(613,'Patricia Espinoza','Apoderado','p.espinoza34@outlook.com','$2y$10$jQQE/RQrYbDC2N/twX41reLFO9YWfOaRkwyqgJgLWrS9a2mz0Irdy','74856834','931255682',5,1,'2026-06-20 21:52:38'),(614,'Walter Quispe','Apoderado','w.quispe04@gmail.com','$2y$10$jQQE/RQrYbDC2N/twX41reLFO9YWfOaRkwyqgJgLWrS9a2mz0Irdy','15068969','938016893',5,1,'2026-06-20 21:52:38'),(615,'Gabriela Torres','Apoderado','g.torres62@gmail.com','$2y$10$jQQE/RQrYbDC2N/twX41reLFO9YWfOaRkwyqgJgLWrS9a2mz0Irdy','75784621','944562691',5,1,'2026-06-20 21:52:38'),(616,'Juan Ruiz','Apoderado','juanruiz67@hotmail.com','$2y$10$jQQE/RQrYbDC2N/twX41reLFO9YWfOaRkwyqgJgLWrS9a2mz0Irdy','28261066','972180220',5,1,'2026-06-20 21:52:38'),(617,'Alejandro Silva','Apoderado','alejandrosilva28@outlook.com','$2y$10$jQQE/RQrYbDC2N/twX41reLFO9YWfOaRkwyqgJgLWrS9a2mz0Irdy','62864354','933753579',5,1,'2026-06-20 21:52:38'),(618,'Gloria Flores','Apoderado','gloria.flores77@hotmail.com','$2y$10$jQQE/RQrYbDC2N/twX41reLFO9YWfOaRkwyqgJgLWrS9a2mz0Irdy','77590577','933365960',5,1,'2026-06-20 21:52:38'),(619,'Rosario Mendoza','Apoderado','r.mendoza88@hotmail.com','$2y$10$jQQE/RQrYbDC2N/twX41reLFO9YWfOaRkwyqgJgLWrS9a2mz0Irdy','90885866','994808805',5,1,'2026-06-20 21:52:38'),(620,'Raul Ramos','Apoderado','raul.ramos78@gmail.com','$2y$10$jQQE/RQrYbDC2N/twX41reLFO9YWfOaRkwyqgJgLWrS9a2mz0Irdy','46047597','945630111',5,1,'2026-06-20 21:52:38'),(621,'Oscar Rojas','Apoderado','oscar.rojas82@hotmail.com','$2y$10$jQQE/RQrYbDC2N/twX41reLFO9YWfOaRkwyqgJgLWrS9a2mz0Irdy','37651547','956081279',5,1,'2026-06-20 21:52:38'),(622,'Juan Morales','Apoderado','juan.morales63@hotmail.com','$2y$10$jQQE/RQrYbDC2N/twX41reLFO9YWfOaRkwyqgJgLWrS9a2mz0Irdy','27899155','960742136',5,1,'2026-06-20 21:52:38'),(623,'Teresa Flores','Apoderado','t.flores66@outlook.com','$2y$10$jQQE/RQrYbDC2N/twX41reLFO9YWfOaRkwyqgJgLWrS9a2mz0Irdy','93672281','999463442',5,1,'2026-06-20 21:52:38'),(624,'Carlos Ramos','Apoderado','carlosramos23@outlook.com','$2y$10$jQQE/RQrYbDC2N/twX41reLFO9YWfOaRkwyqgJgLWrS9a2mz0Irdy','71174341','939374077',5,1,'2026-06-20 21:52:38'),(625,'Javier Vargas','Apoderado','javiervargas55@outlook.com','$2y$10$jQQE/RQrYbDC2N/twX41reLFO9YWfOaRkwyqgJgLWrS9a2mz0Irdy','38000730','933222731',5,1,'2026-06-20 21:52:38'),(626,'Javier Diaz','Apoderado','javier.diaz51@outlook.com','$2y$10$jQQE/RQrYbDC2N/twX41reLFO9YWfOaRkwyqgJgLWrS9a2mz0Irdy','11981873','925329172',5,1,'2026-06-20 21:52:38'),(627,'Victor Condori','Apoderado','vcondori48@hotmail.com','$2y$10$jQQE/RQrYbDC2N/twX41reLFO9YWfOaRkwyqgJgLWrS9a2mz0Irdy','35269694','915442358',5,1,'2026-06-20 21:52:38'),(628,'Diana Flores','Apoderado','diana.flores52@outlook.com','$2y$10$jQQE/RQrYbDC2N/twX41reLFO9YWfOaRkwyqgJgLWrS9a2mz0Irdy','72981637','993346558',5,1,'2026-06-20 21:52:38'),(629,'Margarita Castro','Apoderado','mcastro40@hotmail.com','$2y$10$jQQE/RQrYbDC2N/twX41reLFO9YWfOaRkwyqgJgLWrS9a2mz0Irdy','54483498','924395986',5,1,'2026-06-20 21:52:38'),(630,'Gustavo Sanchez','Apoderado','gsanchez97@outlook.com','$2y$10$jQQE/RQrYbDC2N/twX41reLFO9YWfOaRkwyqgJgLWrS9a2mz0Irdy','85032393','934052056',5,1,'2026-06-20 21:52:38'),(631,'Walter Mendoza','Apoderado','wmendoza55@hotmail.com','$2y$10$jQQE/RQrYbDC2N/twX41reLFO9YWfOaRkwyqgJgLWrS9a2mz0Irdy','27454006','960046645',5,1,'2026-06-20 21:52:38'),(632,'Julio Condori','Apoderado','j.condori90@outlook.com','$2y$10$jQQE/RQrYbDC2N/twX41reLFO9YWfOaRkwyqgJgLWrS9a2mz0Irdy','66486081','957921987',5,1,'2026-06-20 21:52:38'),(633,'Gustavo Condori','Apoderado','gustavocondori61@hotmail.com','$2y$10$jQQE/RQrYbDC2N/twX41reLFO9YWfOaRkwyqgJgLWrS9a2mz0Irdy','86474223','933683286',5,1,'2026-06-20 21:52:38'),(634,'Cesar Sanchez','Apoderado','csanchez78@outlook.com','$2y$10$jQQE/RQrYbDC2N/twX41reLFO9YWfOaRkwyqgJgLWrS9a2mz0Irdy','12407220','922586182',5,1,'2026-06-20 21:52:38'),(635,'Ruth Huaman','Apoderado','rhuaman85@gmail.com','$2y$10$jQQE/RQrYbDC2N/twX41reLFO9YWfOaRkwyqgJgLWrS9a2mz0Irdy','89058668','968794580',5,1,'2026-06-20 21:52:38'),(636,'Ricardo Rojas','Apoderado','rrojas36@gmail.com','$2y$10$jQQE/RQrYbDC2N/twX41reLFO9YWfOaRkwyqgJgLWrS9a2mz0Irdy','78883678','968597065',5,1,'2026-06-20 21:52:38'),(637,'Juan Paredes','Apoderado','jparedes11@gmail.com','$2y$10$jQQE/RQrYbDC2N/twX41reLFO9YWfOaRkwyqgJgLWrS9a2mz0Irdy','39561976','983131917',5,1,'2026-06-20 21:52:38'),(638,'Gabriela Quispe','Apoderado','gabrielaquispe68@gmail.com','$2y$10$jQQE/RQrYbDC2N/twX41reLFO9YWfOaRkwyqgJgLWrS9a2mz0Irdy','56259507','967928045',5,1,'2026-06-20 21:52:38'),(639,'Antonia Silva','Apoderado','antonia.silva08@gmail.com','$2y$10$jQQE/RQrYbDC2N/twX41reLFO9YWfOaRkwyqgJgLWrS9a2mz0Irdy','48154847','999447280',5,1,'2026-06-20 21:52:38'),(640,'Carmen Torres','Apoderado','ctorres63@outlook.com','$2y$10$jQQE/RQrYbDC2N/twX41reLFO9YWfOaRkwyqgJgLWrS9a2mz0Irdy','19678754','961315857',5,1,'2026-06-20 21:52:38'),(641,'Carlos Rojas','Apoderado','crojas11@gmail.com','$2y$10$jQQE/RQrYbDC2N/twX41reLFO9YWfOaRkwyqgJgLWrS9a2mz0Irdy','96045428','949540367',5,1,'2026-06-20 21:52:38'),(642,'Elizabeth Mendoza','Apoderado','emendoza03@gmail.com','$2y$10$jQQE/RQrYbDC2N/twX41reLFO9YWfOaRkwyqgJgLWrS9a2mz0Irdy','33351330','940174147',5,1,'2026-06-20 21:52:38'),(643,'Ana Espinoza','Apoderado','aespinoza49@hotmail.com','$2y$10$jQQE/RQrYbDC2N/twX41reLFO9YWfOaRkwyqgJgLWrS9a2mz0Irdy','30854048','926073315',5,1,'2026-06-20 21:52:38'),(644,'Hector Huaman','Apoderado','hectorhuaman50@gmail.com','$2y$10$jQQE/RQrYbDC2N/twX41reLFO9YWfOaRkwyqgJgLWrS9a2mz0Irdy','53219940','917792515',5,1,'2026-06-20 21:52:38'),(645,'Martha Rojas','Apoderado','martharojas86@outlook.com','$2y$10$jQQE/RQrYbDC2N/twX41reLFO9YWfOaRkwyqgJgLWrS9a2mz0Irdy','63746236','921961288',5,1,'2026-06-20 21:52:38'),(646,'Gustavo Condori','Apoderado','gustavocondori96@outlook.com','$2y$10$jQQE/RQrYbDC2N/twX41reLFO9YWfOaRkwyqgJgLWrS9a2mz0Irdy','57322666','993927981',5,1,'2026-06-20 21:52:38'),(647,'Jose Condori','Apoderado','jose.condori35@gmail.com','$2y$10$jQQE/RQrYbDC2N/twX41reLFO9YWfOaRkwyqgJgLWrS9a2mz0Irdy','27441022','965902299',5,1,'2026-06-20 21:52:38'),(648,'Margarita Vargas','Apoderado','m.vargas26@outlook.com','$2y$10$jQQE/RQrYbDC2N/twX41reLFO9YWfOaRkwyqgJgLWrS9a2mz0Irdy','33875811','971161921',5,1,'2026-06-20 21:52:38'),(649,'Hugo Castro','Apoderado','hugo.castro99@gmail.com','$2y$10$jQQE/RQrYbDC2N/twX41reLFO9YWfOaRkwyqgJgLWrS9a2mz0Irdy','77238560','940203275',5,1,'2026-06-20 21:52:38'),(650,'David Chavez','Apoderado','d.chavez25@hotmail.com','$2y$10$jQQE/RQrYbDC2N/twX41reLFO9YWfOaRkwyqgJgLWrS9a2mz0Irdy','17083959','998531255',5,1,'2026-06-20 21:52:38'),(651,'Isabel Quispe','Apoderado','iquispe43@outlook.com','$2y$10$jQQE/RQrYbDC2N/twX41reLFO9YWfOaRkwyqgJgLWrS9a2mz0Irdy','65680360','935442226',5,1,'2026-06-20 21:52:38'),(652,'Martha Paredes','Apoderado','mparedes61@outlook.com','$2y$10$jQQE/RQrYbDC2N/twX41reLFO9YWfOaRkwyqgJgLWrS9a2mz0Irdy','95916563','933534972',5,1,'2026-06-20 21:52:38'),(653,'Edgar Mamani','Apoderado','edgarmamani08@outlook.com','$2y$10$jQQE/RQrYbDC2N/twX41reLFO9YWfOaRkwyqgJgLWrS9a2mz0Irdy','71200193','992772304',5,1,'2026-06-20 21:52:38'),(654,'Juan Torres','Apoderado','jtorres70@hotmail.com','$2y$10$jQQE/RQrYbDC2N/twX41reLFO9YWfOaRkwyqgJgLWrS9a2mz0Irdy','58891023','993881018',5,1,'2026-06-20 21:52:38'),(655,'Elena Castillo','Apoderado','elenacastillo30@gmail.com','$2y$10$jQQE/RQrYbDC2N/twX41reLFO9YWfOaRkwyqgJgLWrS9a2mz0Irdy','18159535','928724307',5,1,'2026-06-20 21:52:38'),(656,'Hector Espinoza','Apoderado','hectorespinoza63@gmail.com','$2y$10$jQQE/RQrYbDC2N/twX41reLFO9YWfOaRkwyqgJgLWrS9a2mz0Irdy','63396541','955611264',5,1,'2026-06-20 21:52:38'),(657,'Francisca Huaman','Apoderado','francisca.huaman58@hotmail.com','$2y$10$jQQE/RQrYbDC2N/twX41reLFO9YWfOaRkwyqgJgLWrS9a2mz0Irdy','12258175','921891168',5,1,'2026-06-20 21:52:38'),(658,'Oscar Vargas','Apoderado','oscar.vargas93@hotmail.com','$2y$10$jQQE/RQrYbDC2N/twX41reLFO9YWfOaRkwyqgJgLWrS9a2mz0Irdy','19793716','973060101',5,1,'2026-06-20 21:52:38'),(659,'Elsa Condori','Apoderado','econdori95@outlook.com','$2y$10$jQQE/RQrYbDC2N/twX41reLFO9YWfOaRkwyqgJgLWrS9a2mz0Irdy','10277793','946004116',5,1,'2026-06-20 21:52:38'),(660,'Patricia Alvarez','Apoderado','patriciaalvarez67@outlook.com','$2y$10$jQQE/RQrYbDC2N/twX41reLFO9YWfOaRkwyqgJgLWrS9a2mz0Irdy','45118005','977575589',5,1,'2026-06-20 21:52:38'),(661,'Rosa Paredes','Apoderado','r.paredes37@hotmail.com','$2y$10$jQQE/RQrYbDC2N/twX41reLFO9YWfOaRkwyqgJgLWrS9a2mz0Irdy','42202742','936973559',5,1,'2026-06-20 21:52:38'),(662,'Enrique Ramos','Apoderado','enriqueramos36@gmail.com','$2y$10$jQQE/RQrYbDC2N/twX41reLFO9YWfOaRkwyqgJgLWrS9a2mz0Irdy','88134040','924701395',5,1,'2026-06-20 21:52:38'),(663,'Rosa Vargas','Apoderado','rosa.vargas27@hotmail.com','$2y$10$jQQE/RQrYbDC2N/twX41reLFO9YWfOaRkwyqgJgLWrS9a2mz0Irdy','36940235','955657818',5,1,'2026-06-20 21:52:38'),(664,'Carmen Silva','Apoderado','carmen.silva44@hotmail.com','$2y$10$jQQE/RQrYbDC2N/twX41reLFO9YWfOaRkwyqgJgLWrS9a2mz0Irdy','49196519','941065398',5,1,'2026-06-20 21:52:38'),(665,'Ruben Rojas','Apoderado','rubenrojas37@hotmail.com','$2y$10$jQQE/RQrYbDC2N/twX41reLFO9YWfOaRkwyqgJgLWrS9a2mz0Irdy','60594605','910565031',5,1,'2026-06-20 21:52:38'),(666,'Ricardo Alvarez','Apoderado','ralvarez45@gmail.com','$2y$10$jQQE/RQrYbDC2N/twX41reLFO9YWfOaRkwyqgJgLWrS9a2mz0Irdy','68116726','998766985',5,1,'2026-06-20 21:52:38'),(667,'Gabriela Silva','Apoderado','g.silva13@gmail.com','$2y$10$jQQE/RQrYbDC2N/twX41reLFO9YWfOaRkwyqgJgLWrS9a2mz0Irdy','58103650','956392786',5,1,'2026-06-20 21:52:38'),(668,'Gabriela Ruiz','Apoderado','gabrielaruiz87@gmail.com','$2y$10$jQQE/RQrYbDC2N/twX41reLFO9YWfOaRkwyqgJgLWrS9a2mz0Irdy','38908153','963412261',5,1,'2026-06-20 21:52:38'),(669,'Roberto Paredes','Apoderado','rparedes45@outlook.com','$2y$10$jQQE/RQrYbDC2N/twX41reLFO9YWfOaRkwyqgJgLWrS9a2mz0Irdy','50174279','945020655',5,1,'2026-06-20 21:52:38'),(670,'Juana Chavez','Apoderado','jchavez37@gmail.com','$2y$10$jQQE/RQrYbDC2N/twX41reLFO9YWfOaRkwyqgJgLWrS9a2mz0Irdy','23647401','995293897',5,1,'2026-06-20 21:52:38'),(671,'Marco Condori','Apoderado','marco.condori86@gmail.com','$2y$10$jQQE/RQrYbDC2N/twX41reLFO9YWfOaRkwyqgJgLWrS9a2mz0Irdy','39109692','934761266',5,1,'2026-06-20 21:52:38'),(672,'Estela Quispe','Apoderado','estelaquispe55@hotmail.com','$2y$10$jQQE/RQrYbDC2N/twX41reLFO9YWfOaRkwyqgJgLWrS9a2mz0Irdy','75550752','965316208',5,1,'2026-06-20 21:52:38'),(673,'Javier Sanchez','Apoderado','javiersanchez59@gmail.com','$2y$10$jQQE/RQrYbDC2N/twX41reLFO9YWfOaRkwyqgJgLWrS9a2mz0Irdy','47903611','931189805',5,1,'2026-06-20 21:52:38'),(674,'Fernando Chavez','Apoderado','fchavez22@outlook.com','$2y$10$jQQE/RQrYbDC2N/twX41reLFO9YWfOaRkwyqgJgLWrS9a2mz0Irdy','22890461','984686085',5,1,'2026-06-20 21:52:38'),(675,'Javier Paredes','Apoderado','j.paredes75@hotmail.com','$2y$10$jQQE/RQrYbDC2N/twX41reLFO9YWfOaRkwyqgJgLWrS9a2mz0Irdy','53624663','921851011',5,1,'2026-06-20 21:52:38'),(676,'Elizabeth Vargas','Apoderado','evargas59@outlook.com','$2y$10$jQQE/RQrYbDC2N/twX41reLFO9YWfOaRkwyqgJgLWrS9a2mz0Irdy','34835405','931547025',5,1,'2026-06-20 21:52:38'),(677,'Rosa Silva','Apoderado','r.silva03@hotmail.com','$2y$10$jQQE/RQrYbDC2N/twX41reLFO9YWfOaRkwyqgJgLWrS9a2mz0Irdy','30219844','940454999',5,1,'2026-06-20 21:52:38'),(678,'Jose Silva','Apoderado','josesilva66@gmail.com','$2y$10$jQQE/RQrYbDC2N/twX41reLFO9YWfOaRkwyqgJgLWrS9a2mz0Irdy','54236647','924328954',5,1,'2026-06-20 21:52:38'),(679,'Hector Diaz','Apoderado','hectordiaz11@hotmail.com','$2y$10$jQQE/RQrYbDC2N/twX41reLFO9YWfOaRkwyqgJgLWrS9a2mz0Irdy','80497999','997760207',5,1,'2026-06-20 21:52:38'),(680,'Alicia Silva','Apoderado','a.silva65@gmail.com','$2y$10$jQQE/RQrYbDC2N/twX41reLFO9YWfOaRkwyqgJgLWrS9a2mz0Irdy','84525725','965774482',5,1,'2026-06-20 21:52:38'),(681,'Elsa Gutierrez','Apoderado','elsagutierrez79@outlook.com','$2y$10$jQQE/RQrYbDC2N/twX41reLFO9YWfOaRkwyqgJgLWrS9a2mz0Irdy','12091056','944546488',5,1,'2026-06-20 21:52:38'),(682,'Roberto Ramos','Apoderado','r.ramos85@hotmail.com','$2y$10$jQQE/RQrYbDC2N/twX41reLFO9YWfOaRkwyqgJgLWrS9a2mz0Irdy','37874660','923308205',5,1,'2026-06-20 21:52:38'),(683,'David Morales','Apoderado','d.morales95@hotmail.com','$2y$10$jQQE/RQrYbDC2N/twX41reLFO9YWfOaRkwyqgJgLWrS9a2mz0Irdy','80511559','917587552',5,1,'2026-06-20 21:52:38'),(684,'Alicia Chavez','Apoderado','alicia.chavez24@outlook.com','$2y$10$jQQE/RQrYbDC2N/twX41reLFO9YWfOaRkwyqgJgLWrS9a2mz0Irdy','39822478','924884938',5,1,'2026-06-20 21:52:38'),(685,'Fernando Mendoza','Apoderado','fmendoza33@gmail.com','$2y$10$jQQE/RQrYbDC2N/twX41reLFO9YWfOaRkwyqgJgLWrS9a2mz0Irdy','76826201','998421726',5,1,'2026-06-20 21:52:38'),(686,'Estela Condori','Apoderado','estelacondori10@outlook.com','$2y$10$jQQE/RQrYbDC2N/twX41reLFO9YWfOaRkwyqgJgLWrS9a2mz0Irdy','76093041','987082057',5,1,'2026-06-20 21:52:38'),(687,'Luisa Chavez','Apoderado','l.chavez70@gmail.com','$2y$10$jQQE/RQrYbDC2N/twX41reLFO9YWfOaRkwyqgJgLWrS9a2mz0Irdy','51921521','963248095',5,1,'2026-06-20 21:52:38'),(688,'Luis Flores','Apoderado','l.flores92@hotmail.com','$2y$10$jQQE/RQrYbDC2N/twX41reLFO9YWfOaRkwyqgJgLWrS9a2mz0Irdy','59297297','948888048',5,1,'2026-06-20 21:52:38'),(689,'Luisa Rojas','Apoderado','luisarojas53@gmail.com','$2y$10$jQQE/RQrYbDC2N/twX41reLFO9YWfOaRkwyqgJgLWrS9a2mz0Irdy','27922320','931741426',5,1,'2026-06-20 21:52:38'),(690,'Edith Mendoza','Apoderado','edith.mendoza07@gmail.com','$2y$10$jQQE/RQrYbDC2N/twX41reLFO9YWfOaRkwyqgJgLWrS9a2mz0Irdy','28841843','967691342',5,1,'2026-06-20 21:52:38'),(691,'Hernan Espinoza','Apoderado','hernanespinoza72@outlook.com','$2y$10$jQQE/RQrYbDC2N/twX41reLFO9YWfOaRkwyqgJgLWrS9a2mz0Irdy','37547558','933175139',5,1,'2026-06-20 21:52:38'),(692,'Ana Ramos','Apoderado','anaramos38@outlook.com','$2y$10$jQQE/RQrYbDC2N/twX41reLFO9YWfOaRkwyqgJgLWrS9a2mz0Irdy','62462876','962475448',5,1,'2026-06-20 21:52:38'),(693,'Hugo Mendoza','Apoderado','hugo.mendoza78@hotmail.com','$2y$10$jQQE/RQrYbDC2N/twX41reLFO9YWfOaRkwyqgJgLWrS9a2mz0Irdy','49296378','931190391',5,1,'2026-06-20 21:52:38'),(694,'Ana Diaz','Apoderado','adiaz86@hotmail.com','$2y$10$jQQE/RQrYbDC2N/twX41reLFO9YWfOaRkwyqgJgLWrS9a2mz0Irdy','21930124','919381681',5,1,'2026-06-20 21:52:38'),(695,'Martha Vargas','Apoderado','martha.vargas17@outlook.com','$2y$10$jQQE/RQrYbDC2N/twX41reLFO9YWfOaRkwyqgJgLWrS9a2mz0Irdy','27386415','919951036',5,1,'2026-06-20 21:52:38'),(696,'Luz Condori','Apoderado','luz.condori01@outlook.com','$2y$10$jQQE/RQrYbDC2N/twX41reLFO9YWfOaRkwyqgJgLWrS9a2mz0Irdy','32905241','941182076',5,1,'2026-06-20 21:52:38'),(697,'Daniel Sanchez','Apoderado','dsanchez85@hotmail.com','$2y$10$jQQE/RQrYbDC2N/twX41reLFO9YWfOaRkwyqgJgLWrS9a2mz0Irdy','11255729','987149080',5,1,'2026-06-20 21:52:38'),(698,'Edith Quispe','Apoderado','e.quispe12@gmail.com','$2y$10$jQQE/RQrYbDC2N/twX41reLFO9YWfOaRkwyqgJgLWrS9a2mz0Irdy','72567447','912402989',5,1,'2026-06-20 21:52:38'),(699,'Angel Mendoza','Apoderado','angelmendoza72@outlook.com','$2y$10$jQQE/RQrYbDC2N/twX41reLFO9YWfOaRkwyqgJgLWrS9a2mz0Irdy','30024277','958492966',5,1,'2026-06-20 21:52:38'),(700,'Francisca Quispe','Apoderado','francisca.quispe02@outlook.com','$2y$10$jQQE/RQrYbDC2N/twX41reLFO9YWfOaRkwyqgJgLWrS9a2mz0Irdy','19750731','915692531',5,1,'2026-06-20 21:52:38'),(701,'Javier Silva','Apoderado','javier.silva33@gmail.com','$2y$10$jQQE/RQrYbDC2N/twX41reLFO9YWfOaRkwyqgJgLWrS9a2mz0Irdy','83987958','961566040',5,1,'2026-06-20 21:52:38'),(702,'Luis Mamani','Apoderado','lmamani70@gmail.com','$2y$10$jQQE/RQrYbDC2N/twX41reLFO9YWfOaRkwyqgJgLWrS9a2mz0Irdy','70628945','917635629',5,1,'2026-06-20 21:52:38'),(703,'Antonia Sanchez','Apoderado','asanchez78@outlook.com','$2y$10$jQQE/RQrYbDC2N/twX41reLFO9YWfOaRkwyqgJgLWrS9a2mz0Irdy','81753100','990442683',5,1,'2026-06-20 21:52:38'),(704,'Miguel Vargas','Apoderado','miguel.vargas12@gmail.com','$2y$10$jQQE/RQrYbDC2N/twX41reLFO9YWfOaRkwyqgJgLWrS9a2mz0Irdy','36848574','992896910',5,1,'2026-06-20 21:52:38'),(705,'Blanca Chavez','Apoderado','blancachavez88@gmail.com','$2y$10$jQQE/RQrYbDC2N/twX41reLFO9YWfOaRkwyqgJgLWrS9a2mz0Irdy','53250525','929181176',5,1,'2026-06-20 21:52:38'),(706,'Julia Huaman','Apoderado','julia.huaman31@hotmail.com','$2y$10$jQQE/RQrYbDC2N/twX41reLFO9YWfOaRkwyqgJgLWrS9a2mz0Irdy','47707214','964738955',5,1,'2026-06-20 21:52:38'),(707,'Luisa Condori','Apoderado','lcondori31@hotmail.com','$2y$10$jQQE/RQrYbDC2N/twX41reLFO9YWfOaRkwyqgJgLWrS9a2mz0Irdy','17894331','925175586',5,1,'2026-06-20 21:52:38'),(708,'Hector Mamani','Apoderado','h.mamani09@hotmail.com','$2y$10$jQQE/RQrYbDC2N/twX41reLFO9YWfOaRkwyqgJgLWrS9a2mz0Irdy','11640020','977990718',5,1,'2026-06-20 21:52:38'),(709,'Elena Mamani','Apoderado','emamani39@outlook.com','$2y$10$jQQE/RQrYbDC2N/twX41reLFO9YWfOaRkwyqgJgLWrS9a2mz0Irdy','20229637','970235379',5,1,'2026-06-20 21:52:38'),(710,'Hernan Paredes','Apoderado','hparedes72@gmail.com','$2y$10$jQQE/RQrYbDC2N/twX41reLFO9YWfOaRkwyqgJgLWrS9a2mz0Irdy','73732010','927302679',5,1,'2026-06-20 21:52:38'),(711,'Rosa Gonzales','Apoderado','rosa.gonzales04@hotmail.com','$2y$10$jQQE/RQrYbDC2N/twX41reLFO9YWfOaRkwyqgJgLWrS9a2mz0Irdy','64358669','983083032',5,1,'2026-06-20 21:52:38'),(712,'Alicia Espinoza','Apoderado','aliciaespinoza12@outlook.com','$2y$10$jQQE/RQrYbDC2N/twX41reLFO9YWfOaRkwyqgJgLWrS9a2mz0Irdy','13818804','986715837',5,1,'2026-06-20 21:52:38'),(713,'Walter Rojas','Apoderado','wrojas19@gmail.com','$2y$10$jQQE/RQrYbDC2N/twX41reLFO9YWfOaRkwyqgJgLWrS9a2mz0Irdy','95337127','995383248',5,1,'2026-06-20 21:52:38'),(714,'Martha Silva','Apoderado','martha.silva25@gmail.com','$2y$10$jQQE/RQrYbDC2N/twX41reLFO9YWfOaRkwyqgJgLWrS9a2mz0Irdy','58593667','966555668',5,1,'2026-06-20 21:52:38'),(715,'Hernan Ramirez','Apoderado','h.ramirez78@gmail.com','$2y$10$jQQE/RQrYbDC2N/twX41reLFO9YWfOaRkwyqgJgLWrS9a2mz0Irdy','36079517','919608181',5,1,'2026-06-20 21:52:38'),(716,'Juana Ramirez','Apoderado','j.ramirez71@outlook.com','$2y$10$jQQE/RQrYbDC2N/twX41reLFO9YWfOaRkwyqgJgLWrS9a2mz0Irdy','47770278','941541391',5,1,'2026-06-20 21:52:38'),(717,'Enrique Castillo','Apoderado','enrique.castillo20@outlook.com','$2y$10$jQQE/RQrYbDC2N/twX41reLFO9YWfOaRkwyqgJgLWrS9a2mz0Irdy','52687048','964384605',5,1,'2026-06-20 21:52:38'),(718,'Luis Castillo','Apoderado','lcastillo80@hotmail.com','$2y$10$jQQE/RQrYbDC2N/twX41reLFO9YWfOaRkwyqgJgLWrS9a2mz0Irdy','34656443','917106888',5,1,'2026-06-20 21:52:38'),(719,'Victor Paredes','Apoderado','victor.paredes34@outlook.com','$2y$10$jQQE/RQrYbDC2N/twX41reLFO9YWfOaRkwyqgJgLWrS9a2mz0Irdy','60450498','921503102',5,1,'2026-06-20 21:52:38'),(720,'Gladys Gonzales','Apoderado','ggonzales59@gmail.com','$2y$10$jQQE/RQrYbDC2N/twX41reLFO9YWfOaRkwyqgJgLWrS9a2mz0Irdy','75633097','944253588',5,1,'2026-06-20 21:52:38'),(721,'Elizabeth Rojas','Apoderado','elizabethrojas69@outlook.com','$2y$10$jQQE/RQrYbDC2N/twX41reLFO9YWfOaRkwyqgJgLWrS9a2mz0Irdy','58820038','986491274',5,1,'2026-06-20 21:52:38'),(722,'Fernando Ruiz','Apoderado','fernandoruiz85@outlook.com','$2y$10$jQQE/RQrYbDC2N/twX41reLFO9YWfOaRkwyqgJgLWrS9a2mz0Irdy','90053397','920278831',5,1,'2026-06-20 21:52:38'),(723,'Cesar Espinoza','Apoderado','cesar.espinoza79@gmail.com','$2y$10$jQQE/RQrYbDC2N/twX41reLFO9YWfOaRkwyqgJgLWrS9a2mz0Irdy','99325206','963917801',5,1,'2026-06-20 21:52:38'),(724,'Julio Morales','Apoderado','j.morales93@gmail.com','$2y$10$jQQE/RQrYbDC2N/twX41reLFO9YWfOaRkwyqgJgLWrS9a2mz0Irdy','44130971','925912675',5,1,'2026-06-20 21:52:38'),(725,'Sonia Silva','Apoderado','s.silva29@hotmail.com','$2y$10$jQQE/RQrYbDC2N/twX41reLFO9YWfOaRkwyqgJgLWrS9a2mz0Irdy','69778279','974193608',5,1,'2026-06-20 21:52:38'),(726,'Martha Paredes','Apoderado','martha.paredes63@gmail.com','$2y$10$jQQE/RQrYbDC2N/twX41reLFO9YWfOaRkwyqgJgLWrS9a2mz0Irdy','64795737','922207546',5,1,'2026-06-20 21:52:38'),(727,'Alfredo Gutierrez','Apoderado','alfredogutierrez49@outlook.com','$2y$10$jQQE/RQrYbDC2N/twX41reLFO9YWfOaRkwyqgJgLWrS9a2mz0Irdy','50562004','939903530',5,1,'2026-06-20 21:52:38'),(728,'Patricia Diaz','Apoderado','patricia.diaz41@gmail.com','$2y$10$jQQE/RQrYbDC2N/twX41reLFO9YWfOaRkwyqgJgLWrS9a2mz0Irdy','66783713','967749581',5,1,'2026-06-20 21:52:38'),(729,'Carmen Mamani','Apoderado','cmamani92@gmail.com','$2y$10$jQQE/RQrYbDC2N/twX41reLFO9YWfOaRkwyqgJgLWrS9a2mz0Irdy','38108476','972008569',5,1,'2026-06-20 21:52:38'),(730,'Rosario Castro','Apoderado','rcastro55@gmail.com','$2y$10$jQQE/RQrYbDC2N/twX41reLFO9YWfOaRkwyqgJgLWrS9a2mz0Irdy','21103927','953359651',5,1,'2026-06-20 21:52:38'),(731,'Julio Quispe','Apoderado','julio.quispe69@hotmail.com','$2y$10$jQQE/RQrYbDC2N/twX41reLFO9YWfOaRkwyqgJgLWrS9a2mz0Irdy','99984423','931714321',5,1,'2026-06-20 21:52:38'),(732,'Elena Castro','Apoderado','ecastro15@outlook.com','$2y$10$jQQE/RQrYbDC2N/twX41reLFO9YWfOaRkwyqgJgLWrS9a2mz0Irdy','74520512','995480039',5,1,'2026-06-20 21:52:38'),(733,'Cesar Torres','Apoderado','cesartorres49@outlook.com','$2y$10$jQQE/RQrYbDC2N/twX41reLFO9YWfOaRkwyqgJgLWrS9a2mz0Irdy','28387012','945462497',5,1,'2026-06-20 21:52:38'),(734,'Edgar Ramos','Apoderado','edgar.ramos90@outlook.com','$2y$10$jQQE/RQrYbDC2N/twX41reLFO9YWfOaRkwyqgJgLWrS9a2mz0Irdy','47757355','980411216',5,1,'2026-06-20 21:52:38'),(735,'Elsa Rojas','Apoderado','e.rojas06@gmail.com','$2y$10$jQQE/RQrYbDC2N/twX41reLFO9YWfOaRkwyqgJgLWrS9a2mz0Irdy','80673504','950169075',5,1,'2026-06-20 21:52:38'),(736,'Luz Gonzales','Apoderado','l.gonzales98@hotmail.com','$2y$10$jQQE/RQrYbDC2N/twX41reLFO9YWfOaRkwyqgJgLWrS9a2mz0Irdy','34085806','957509557',5,1,'2026-06-20 21:52:38'),(737,'Javier Mamani','Apoderado','javier.mamani20@gmail.com','$2y$10$jQQE/RQrYbDC2N/twX41reLFO9YWfOaRkwyqgJgLWrS9a2mz0Irdy','26267208','936088834',5,1,'2026-06-20 21:52:38'),(738,'Martha Rojas','Apoderado','m.rojas45@outlook.com','$2y$10$jQQE/RQrYbDC2N/twX41reLFO9YWfOaRkwyqgJgLWrS9a2mz0Irdy','16342859','927553415',5,1,'2026-06-20 21:52:38'),(739,'Jorge Espinoza','Apoderado','jorgeespinoza86@hotmail.com','$2y$10$jQQE/RQrYbDC2N/twX41reLFO9YWfOaRkwyqgJgLWrS9a2mz0Irdy','81883383','978739423',5,1,'2026-06-20 21:52:38'),(740,'Rosario Vargas','Apoderado','r.vargas01@hotmail.com','$2y$10$jQQE/RQrYbDC2N/twX41reLFO9YWfOaRkwyqgJgLWrS9a2mz0Irdy','73367092','947228816',5,1,'2026-06-20 21:52:38'),(741,'Enrique Mendoza','Apoderado','enriquemendoza74@gmail.com','$2y$10$jQQE/RQrYbDC2N/twX41reLFO9YWfOaRkwyqgJgLWrS9a2mz0Irdy','28801865','916615710',5,1,'2026-06-20 21:52:38'),(742,'Margarita Castillo','Apoderado','margaritacastillo59@hotmail.com','$2y$10$jQQE/RQrYbDC2N/twX41reLFO9YWfOaRkwyqgJgLWrS9a2mz0Irdy','75556136','956337131',5,1,'2026-06-20 21:52:38'),(743,'Julia Espinoza','Apoderado','j.espinoza58@hotmail.com','$2y$10$jQQE/RQrYbDC2N/twX41reLFO9YWfOaRkwyqgJgLWrS9a2mz0Irdy','20681768','959556933',5,1,'2026-06-20 21:52:38'),(744,'Luisa Huaman','Apoderado','l.huaman37@hotmail.com','$2y$10$jQQE/RQrYbDC2N/twX41reLFO9YWfOaRkwyqgJgLWrS9a2mz0Irdy','41053559','948360853',5,1,'2026-06-20 21:52:38'),(745,'Diana Silva','Apoderado','diana.silva02@gmail.com','$2y$10$jQQE/RQrYbDC2N/twX41reLFO9YWfOaRkwyqgJgLWrS9a2mz0Irdy','81802715','932912366',5,1,'2026-06-20 21:52:38'),(746,'Carmen Espinoza','Apoderado','carmenespinoza50@hotmail.com','$2y$10$jQQE/RQrYbDC2N/twX41reLFO9YWfOaRkwyqgJgLWrS9a2mz0Irdy','69020633','946962108',5,1,'2026-06-20 21:52:38'),(747,'Alicia Condori','Apoderado','alicia.condori27@outlook.com','$2y$10$jQQE/RQrYbDC2N/twX41reLFO9YWfOaRkwyqgJgLWrS9a2mz0Irdy','63231490','996866407',5,1,'2026-06-20 21:52:38'),(748,'Isabel Torres','Apoderado','isabeltorres81@outlook.com','$2y$10$jQQE/RQrYbDC2N/twX41reLFO9YWfOaRkwyqgJgLWrS9a2mz0Irdy','52714280','926745939',5,1,'2026-06-20 21:52:38'),(749,'Carmen Silva','Apoderado','csilva50@hotmail.com','$2y$10$jQQE/RQrYbDC2N/twX41reLFO9YWfOaRkwyqgJgLWrS9a2mz0Irdy','62970933','972850702',5,1,'2026-06-20 21:52:38'),(750,'Oscar Castro','Apoderado','oscar.castro24@hotmail.com','$2y$10$jQQE/RQrYbDC2N/twX41reLFO9YWfOaRkwyqgJgLWrS9a2mz0Irdy','94132660','922331699',5,1,'2026-06-20 21:52:38'),(751,'Ana Huaman','Apoderado','a.huaman19@hotmail.com','$2y$10$jQQE/RQrYbDC2N/twX41reLFO9YWfOaRkwyqgJgLWrS9a2mz0Irdy','13846665','920904348',5,1,'2026-06-20 21:52:38'),(752,'Manuel Torres','Apoderado','m.torres30@gmail.com','$2y$10$jQQE/RQrYbDC2N/twX41reLFO9YWfOaRkwyqgJgLWrS9a2mz0Irdy','45870679','995559752',5,1,'2026-06-20 21:52:38'),(753,'Gabriela Flores','Apoderado','gabriela.flores31@hotmail.com','$2y$10$jQQE/RQrYbDC2N/twX41reLFO9YWfOaRkwyqgJgLWrS9a2mz0Irdy','86663515','991430236',5,1,'2026-06-20 21:52:38'),(754,'Hugo Ruiz','Apoderado','hruiz28@gmail.com','$2y$10$jQQE/RQrYbDC2N/twX41reLFO9YWfOaRkwyqgJgLWrS9a2mz0Irdy','92141146','949067690',5,1,'2026-06-20 21:52:38'),(755,'Luis Ramirez','Apoderado','luis.ramirez20@hotmail.com','$2y$10$jQQE/RQrYbDC2N/twX41reLFO9YWfOaRkwyqgJgLWrS9a2mz0Irdy','67431676','990693884',5,1,'2026-06-20 21:52:38'),(756,'Silvia Ruiz','Apoderado','sruiz49@gmail.com','$2y$10$jQQE/RQrYbDC2N/twX41reLFO9YWfOaRkwyqgJgLWrS9a2mz0Irdy','75408937','949415037',5,1,'2026-06-20 21:52:38'),(757,'Hernan Flores','Apoderado','h.flores87@gmail.com','$2y$10$jQQE/RQrYbDC2N/twX41reLFO9YWfOaRkwyqgJgLWrS9a2mz0Irdy','98097322','975296808',5,1,'2026-06-20 21:52:38'),(758,'Luis Chavez','Apoderado','l.chavez22@hotmail.com','$2y$10$jQQE/RQrYbDC2N/twX41reLFO9YWfOaRkwyqgJgLWrS9a2mz0Irdy','73679507','925163682',5,1,'2026-06-20 21:52:38'),(759,'Yolanda Paredes','Apoderado','yolanda.paredes74@gmail.com','$2y$10$jQQE/RQrYbDC2N/twX41reLFO9YWfOaRkwyqgJgLWrS9a2mz0Irdy','29276243','949894808',5,1,'2026-06-20 21:52:38'),(760,'Gustavo Gutierrez','Apoderado','ggutierrez24@gmail.com','$2y$10$jQQE/RQrYbDC2N/twX41reLFO9YWfOaRkwyqgJgLWrS9a2mz0Irdy','50173535','916275267',5,1,'2026-06-20 21:52:38'),(761,'Francisco Espinoza','Apoderado','f.espinoza95@gmail.com','$2y$10$jQQE/RQrYbDC2N/twX41reLFO9YWfOaRkwyqgJgLWrS9a2mz0Irdy','22149683','959118128',5,1,'2026-06-20 21:52:38'),(762,'Miguel Gutierrez','Apoderado','miguelgutierrez39@gmail.com','$2y$10$jQQE/RQrYbDC2N/twX41reLFO9YWfOaRkwyqgJgLWrS9a2mz0Irdy','37584683','919890782',5,1,'2026-06-20 21:52:38'),(763,'Victoria Silva','Apoderado','v.silva55@outlook.com','$2y$10$jQQE/RQrYbDC2N/twX41reLFO9YWfOaRkwyqgJgLWrS9a2mz0Irdy','50497588','950426119',5,1,'2026-06-20 21:52:38'),(764,'Victoria Condori','Apoderado','v.condori85@gmail.com','$2y$10$jQQE/RQrYbDC2N/twX41reLFO9YWfOaRkwyqgJgLWrS9a2mz0Irdy','42583624','932982842',5,1,'2026-06-20 21:52:38'),(765,'Estela Silva','Apoderado','esilva93@hotmail.com','$2y$10$jQQE/RQrYbDC2N/twX41reLFO9YWfOaRkwyqgJgLWrS9a2mz0Irdy','42940271','945854411',5,1,'2026-06-20 21:52:38'),(766,'Margarita Quispe','Apoderado','margaritaquispe89@hotmail.com','$2y$10$jQQE/RQrYbDC2N/twX41reLFO9YWfOaRkwyqgJgLWrS9a2mz0Irdy','96565233','975082105',5,1,'2026-06-20 21:52:38'),(767,'Juan Ramirez','Apoderado','juan.ramirez49@hotmail.com','$2y$10$jQQE/RQrYbDC2N/twX41reLFO9YWfOaRkwyqgJgLWrS9a2mz0Irdy','80174357','923418017',5,1,'2026-06-20 21:52:38'),(768,'Teresa Quispe','Apoderado','tquispe26@outlook.com','$2y$10$jQQE/RQrYbDC2N/twX41reLFO9YWfOaRkwyqgJgLWrS9a2mz0Irdy','47592773','950055289',5,1,'2026-06-20 21:52:38'),(769,'Carlos Espinoza','Apoderado','carlos.espinoza55@hotmail.com','$2y$10$jQQE/RQrYbDC2N/twX41reLFO9YWfOaRkwyqgJgLWrS9a2mz0Irdy','13460128','936619834',5,1,'2026-06-20 21:52:38'),(770,'Angel Morales','Apoderado','amorales12@gmail.com','$2y$10$jQQE/RQrYbDC2N/twX41reLFO9YWfOaRkwyqgJgLWrS9a2mz0Irdy','52056462','967760191',5,1,'2026-06-20 21:52:38'),(771,'Jose Espinoza','Apoderado','j.espinoza73@gmail.com','$2y$10$jQQE/RQrYbDC2N/twX41reLFO9YWfOaRkwyqgJgLWrS9a2mz0Irdy','59522656','978054949',5,1,'2026-06-20 21:52:38'),(772,'Luisa Morales','Apoderado','luisamorales99@hotmail.com','$2y$10$jQQE/RQrYbDC2N/twX41reLFO9YWfOaRkwyqgJgLWrS9a2mz0Irdy','78848474','949087127',5,1,'2026-06-20 21:52:38'),(773,'Luisa Gonzales','Apoderado','lgonzales37@outlook.com','$2y$10$jQQE/RQrYbDC2N/twX41reLFO9YWfOaRkwyqgJgLWrS9a2mz0Irdy','76478367','978189490',5,1,'2026-06-20 21:52:38'),(774,'Marco Condori','Apoderado','marcocondori66@hotmail.com','$2y$10$jQQE/RQrYbDC2N/twX41reLFO9YWfOaRkwyqgJgLWrS9a2mz0Irdy','36339832','945541702',5,1,'2026-06-20 21:52:38'),(775,'Julio Ramirez','Apoderado','julioramirez53@gmail.com','$2y$10$jQQE/RQrYbDC2N/twX41reLFO9YWfOaRkwyqgJgLWrS9a2mz0Irdy','33127585','990869952',5,1,'2026-06-20 21:52:38'),(776,'Ruben Gonzales','Apoderado','rgonzales53@gmail.com','$2y$10$jQQE/RQrYbDC2N/twX41reLFO9YWfOaRkwyqgJgLWrS9a2mz0Irdy','34781654','983359423',5,1,'2026-06-20 21:52:38'),(777,'Ruben Chavez','Apoderado','ruben.chavez29@hotmail.com','$2y$10$jQQE/RQrYbDC2N/twX41reLFO9YWfOaRkwyqgJgLWrS9a2mz0Irdy','86287395','985353141',5,1,'2026-06-20 21:52:38'),(778,'Isabel Morales','Apoderado','i.morales34@outlook.com','$2y$10$jQQE/RQrYbDC2N/twX41reLFO9YWfOaRkwyqgJgLWrS9a2mz0Irdy','53143733','987577915',5,1,'2026-06-20 21:52:38'),(779,'Elizabeth Chavez','Apoderado','elizabeth.chavez95@outlook.com','$2y$10$jQQE/RQrYbDC2N/twX41reLFO9YWfOaRkwyqgJgLWrS9a2mz0Irdy','83733776','973039130',5,1,'2026-06-20 21:52:38'),(780,'Diego Torres','Apoderado','diego.torres85@hotmail.com','$2y$10$jQQE/RQrYbDC2N/twX41reLFO9YWfOaRkwyqgJgLWrS9a2mz0Irdy','80516605','940751476',5,1,'2026-06-20 21:52:38'),(781,'Juana Torres','Apoderado','juanatorres42@hotmail.com','$2y$10$jQQE/RQrYbDC2N/twX41reLFO9YWfOaRkwyqgJgLWrS9a2mz0Irdy','89277816','955075595',5,1,'2026-06-20 21:52:38'),(782,'Luisa Vargas','Apoderado','l.vargas84@outlook.com','$2y$10$jQQE/RQrYbDC2N/twX41reLFO9YWfOaRkwyqgJgLWrS9a2mz0Irdy','97037411','950415893',5,1,'2026-06-20 21:52:38'),(783,'Cesar Morales','Apoderado','cesar.morales57@hotmail.com','$2y$10$jQQE/RQrYbDC2N/twX41reLFO9YWfOaRkwyqgJgLWrS9a2mz0Irdy','62758603','983150105',5,1,'2026-06-20 21:52:38'),(784,'Hernan Castillo','Apoderado','hernan.castillo66@hotmail.com','$2y$10$jQQE/RQrYbDC2N/twX41reLFO9YWfOaRkwyqgJgLWrS9a2mz0Irdy','19236018','987217465',5,1,'2026-06-20 21:52:38'),(785,'Francisco Gutierrez','Apoderado','franciscogutierrez63@hotmail.com','$2y$10$jQQE/RQrYbDC2N/twX41reLFO9YWfOaRkwyqgJgLWrS9a2mz0Irdy','53509127','926302072',5,1,'2026-06-20 21:52:38'),(786,'Daniel Condori','Apoderado','daniel.condori09@hotmail.com','$2y$10$jQQE/RQrYbDC2N/twX41reLFO9YWfOaRkwyqgJgLWrS9a2mz0Irdy','12248292','941018019',5,1,'2026-06-20 21:52:38'),(787,'Ana Condori','Apoderado','acondori80@gmail.com','$2y$10$jQQE/RQrYbDC2N/twX41reLFO9YWfOaRkwyqgJgLWrS9a2mz0Irdy','34701999','961153437',5,1,'2026-06-20 21:52:38'),(788,'Pedro Alvarez','Apoderado','palvarez56@gmail.com','$2y$10$jQQE/RQrYbDC2N/twX41reLFO9YWfOaRkwyqgJgLWrS9a2mz0Irdy','32302419','943572460',5,1,'2026-06-20 21:52:38'),(789,'Hector Espinoza','Apoderado','hector.espinoza14@hotmail.com','$2y$10$jQQE/RQrYbDC2N/twX41reLFO9YWfOaRkwyqgJgLWrS9a2mz0Irdy','92363493','954565768',5,1,'2026-06-20 21:52:38'),(790,'Elsa Mamani','Apoderado','emamani26@gmail.com','$2y$10$jQQE/RQrYbDC2N/twX41reLFO9YWfOaRkwyqgJgLWrS9a2mz0Irdy','82650633','913596103',5,1,'2026-06-20 21:52:38'),(791,'Victoria Rojas','Apoderado','vrojas15@outlook.com','$2y$10$jQQE/RQrYbDC2N/twX41reLFO9YWfOaRkwyqgJgLWrS9a2mz0Irdy','44896336','965033969',5,1,'2026-06-20 21:52:38'),(792,'Carlos Castro','Apoderado','carlos.castro06@outlook.com','$2y$10$jQQE/RQrYbDC2N/twX41reLFO9YWfOaRkwyqgJgLWrS9a2mz0Irdy','57508567','912927136',5,1,'2026-06-20 21:52:38'),(793,'Hernan Gutierrez','Apoderado','hgutierrez57@outlook.com','$2y$10$jQQE/RQrYbDC2N/twX41reLFO9YWfOaRkwyqgJgLWrS9a2mz0Irdy','29516408','992766906',5,1,'2026-06-20 21:52:38'),(794,'Luz Huaman','Apoderado','luzhuaman54@gmail.com','$2y$10$jQQE/RQrYbDC2N/twX41reLFO9YWfOaRkwyqgJgLWrS9a2mz0Irdy','51092963','918032138',5,1,'2026-06-20 21:52:38'),(795,'Juana Ramos','Apoderado','juanaramos10@gmail.com','$2y$10$jQQE/RQrYbDC2N/twX41reLFO9YWfOaRkwyqgJgLWrS9a2mz0Irdy','41018707','997516423',5,1,'2026-06-20 21:52:38'),(796,'Raul Huaman','Apoderado','rhuaman97@gmail.com','$2y$10$jQQE/RQrYbDC2N/twX41reLFO9YWfOaRkwyqgJgLWrS9a2mz0Irdy','28447449','929861840',5,1,'2026-06-20 21:52:38'),(797,'Oscar Torres','Apoderado','oscar.torres52@hotmail.com','$2y$10$jQQE/RQrYbDC2N/twX41reLFO9YWfOaRkwyqgJgLWrS9a2mz0Irdy','36845533','937146854',5,1,'2026-06-20 21:52:38'),(798,'Victoria Espinoza','Apoderado','victoriaespinoza71@hotmail.com','$2y$10$jQQE/RQrYbDC2N/twX41reLFO9YWfOaRkwyqgJgLWrS9a2mz0Irdy','59686700','930473395',5,1,'2026-06-20 21:52:38'),(799,'Jose Vargas','Apoderado','j.vargas66@outlook.com','$2y$10$jQQE/RQrYbDC2N/twX41reLFO9YWfOaRkwyqgJgLWrS9a2mz0Irdy','99280786','980822594',5,1,'2026-06-20 21:52:38'),(800,'Fernando Castro','Apoderado','fernando.castro22@hotmail.com','$2y$10$jQQE/RQrYbDC2N/twX41reLFO9YWfOaRkwyqgJgLWrS9a2mz0Irdy','88241706','952624610',5,1,'2026-06-20 21:52:38');
/*!40000 ALTER TABLE `usuarios` ENABLE KEYS */;
UNLOCK TABLES;
/*!40103 SET TIME_ZONE=@OLD_TIME_ZONE */;

/*!40101 SET SQL_MODE=@OLD_SQL_MODE */;
/*!40014 SET FOREIGN_KEY_CHECKS=@OLD_FOREIGN_KEY_CHECKS */;
/*!40014 SET UNIQUE_CHECKS=@OLD_UNIQUE_CHECKS */;
/*!40101 SET CHARACTER_SET_CLIENT=@OLD_CHARACTER_SET_CLIENT */;
/*!40101 SET CHARACTER_SET_RESULTS=@OLD_CHARACTER_SET_RESULTS */;
/*!40101 SET COLLATION_CONNECTION=@OLD_COLLATION_CONNECTION */;
/*!40111 SET SQL_NOTES=@OLD_SQL_NOTES */;

-- Dump completed on 2026-06-20 17:16:44
